HNLQFSG,552
MNLDFQY,433
ENLTFMS,414
ANLAFWL,403
TNLQFYT,395
MNLLFSC,360
YNLNFDC,334
INLIFVI,332
GNLHFWC,324
YNLIFGC,310
FNLNFNT,309
SNLEFGM,308
FNLNFLL,295
VNLHFHQ,269
SNLDFAN,263
HNLCFAI,252
HNLIFGD,229
WNLQFCI,199
PNLNFPF,196
CNLCFNI,193
YNLGFPV,191
VNLWFEM,181
CNLVFHM,179
MNLQFSG,178
YNLHFGP,171
ANLAFWN,171
ENLQFHP,165
NNLDFVL,164
YNLFFAV,156
TNLMFTY,152
MNLAFQG,139
GNLFFVV,138
SNLVFGM,137
LNLHFEY,123
HNLEFSL,121
LNLNFVS,120
GNLDFNI,120
QNLHFDI,119
ANLYFYT,117
ANLWFPY,113
QNLYFVL,110
LNLWFIT,109
INLLFMT,107
ENLDFHH,106
HNLIFVI,97
ENLPFCA,95
INLNFNA,95
GNLAFGD,92
LNLFFET,91
VNLEFIH,91
DNLVFGQ,88
VNLNFWF,88
ENLLFVV,85
DNLEFAA,83
ENLQFPS,82
PNLFFWP,82
LNLEFWS,75
GNLNFYS,70
INLEFDT,67
VNLQFFI,67
NNLTFQE,66
INLLFFQ,65
QNLVFSF,59
CNLNFQG,59
FNLAFAG,58
DNLLFYM,56
INLAFDI,55
LNLHFYG,54
MNLEFAL,54
NNLQFCV,50
DNLAFGE,50
NNLSFMS,49
WNLPFTY,46
DNLPFMA,43
DNLDFSY,40
HNLIFNM,37
ANLFFNT,35
CNLCFAV,35
HNLFFSG,33
LNLMFDH,32
ENLLFGF,32
QNLYFQG,30
HNLAFDD,29
MNLWFST,29
VNLGFVV,29
MNLTFCE,28
ANLGFEV,28
INLQFSS,28
HNLLFIC,26
NNLTFQW,25
TNLYFQM,24
LNLGFSC,24
DNLLFQL,23
HNLVFTH,22
CNLQFQL,22
HNLIFSW,21
YNLTFFD,20
GNLDFVW,19
INLTFTE,19
FNLTFQQ,19
VNLDFFA,17
PNLCFTW,16
WNLMFFT,16
LNLQFWY,16
MNLYFLQ,16
SNLLFHW,15
GNLYFVG,15
INLPFQQ,15
QNLEFNS,15
ENLSFWW,15
CNLCFWP,14
ENLSFIT,14
ENLYFQY,14
ANLCFGF,13
CNLMFFH,13
LNLSFQC,12
ANLCFMT,12
MNLEFGA,12
HNLSFAI,12
ENLHFPS,12
NNLPFFD,12
QNLWFPP,11
DNLLFWC,11
ANLPFQD,11
DNLYFQS,11
QNLAFDV,11
DNLTFYV,10
QNLSFAF,10
QNLSFHM,10
ENLNFQS,10
SNLCFLV,9
HNLQFIM,9
YNLPFFW,9
YNLHFAG,9
YNLCFTH,8
VNLPFHV,8
TNLEFNT,8
ENLIFEG,8
LNLHFWD,8
GNLMFNN,8
QNLQFTN,7
CNLEFCP,7
GNLQFLI,7
MNLVFEA,7
DNLNFSI,7
QNLSFVA,7
SNLVFNA,7
FNLEFEG,7
SNLHFDH,7
INLCFTQ,7
LNLTFYI,7
ANLWFEL,7
INLHFVD,7
DNLFFTS,7
SNLVFVW,7
HNLLFVC,7
WNLYFYH,7
TNLYFEG,7
PNLIFWH,7
GNLIFWG,7
NNLQFGS,6
QNLYFDN,6
LNLMFYI,6
PNLWFLY,6
VNLYFPG,6
PNLVFDN,6
SNLMFMQ,6
DNLIFTV,6
CNLYFHY,6
INLNFTN,6
ANLPFIG,6
SNLDFMD,6
ANLVFQM,6
YNLHFDA,6
DNLQFTE,6
HNLPFYM,6
MNLGFIN,6
INLCFGA,6
MNLGFFM,6
LNLYFTQ,6
ENLYFQF,6
SNLIFIN,6
FNLMFSN,6
WNLGFYL,5
INLLFGA,5
INLMFLN,5
HNLAFCC,5
SNLYFFN,5
FNLYFES,5
CNLFFLW,5
HNLIFFF,5
YNLMFYI,5
GNLQFME,5
TNLYFPI,5
YNLMFSF,5
GNLVFTD,5
SNLLFED,5
QNLHFNT,5
TNLHFFL,5
QNLVFEL,5
GNLMFQT,5
GNLDFTP,5
FNLPFGG,5
VNLAFHQ,5
SNLIFTC,5
DNLLFGN,5
QNLYFPT,5
TNLEFPD,5
HNLTFND,5
DNLAFMT,5
INLTFLG,5
ANLNFCY,5
NNLAFAQ,5
YNLQFMT,5
SNLFFTD,5
VNLCFNE,5
TNLPFWH,5
ANLMFFP,5
YNLAFYQ,5
ANLWFGT,5
DNLDFEG,5
CNLPFDH,5
QNLYFLN,5
ENLLFCS,5
TNLLFQN,5
GNLIFPE,5
DNLHFFQ,5
CNLNFTG,5
DNLTFNM,4
PNLLFAE,4
DNLSFVQ,4
ENLNFTC,4
INLQFDQ,4
DNLLFDS,4
PNLVFIP,4
GNLTFDH,4
PNLMFHS,4
INLSFGV,4
VNLHFWW,4
ENLAFWS,4
TNLLFIS,4
LNLFFYA,4
ANLFFEQ,4
CNLVFLP,4
QNLYFPI,4
NNLVFGS,4
GNLGFSC,4
PNLWFDL,4
GNLSFYS,4
TNLGFCA,4
HNLYFFD,4
CNLHFSI,4
HNLWFHY,4
FNLAFEA,4
ENLTFGV,4
ENLYFES,4
PNLLFDA,4
QNLEFVM,4
QNLTFQQ,4
VNLMFSP,4
LNLFFPC,4
HNLFFNT,4
VNLYFFC,4
ANLDFLG,4
MNLNFVQ,4
DNLIFTP,4
ENLPFEL,4
ANLPFNC,4
QNLLFFQ,4
DNLLFSE,4
DNLWFFT,4
ENLYFHS,4
PNLNFWG,4
PNLNFWT,4
GNLYFDL,4
HNLIFIW,4
DNLTFAA,4
HNLWFPQ,4
YNLNFCS,4
ANLLFWM,4
GNLHFPW,4
MNLYFSQ,4
INLDFPM,4
LNLYFTI,4
QNLVFDC,4
VNLQFPW,4
CNLMFGH,4
MNLHFTQ,4
TNLYFQG,4
HNLMFHV,4
YNLNFIA,4
NNLHFMG,4
QNLIFPQ,4
VNLYFNH,4
DNLDFQL,4
NNLIFIC,4
DNLEFCI,4
NNLMFCV,4
SNLQFDN,4
SNLAFWN,4
VNLVFPI,4
ENLSFLH,4
TNLIFQP,4
WNLAFHD,4
INLHFTE,4
GNLQFSF,4
DNLGFGA,4
INLPFVV,4
DNLSFQF,4
MNLYFHN,4
ANLFFYD,4
YNLSFQF,4
INLFFYT,4
LNLVFVG,4
YNLPFEL,3
SNLPFQF,3
ENLTFET,3
PNLTFEH,3
VNLQFNY,3
WNLHFPE,3
TNLAFEC,3
QNLQFTY,3
DNLLFQA,3
WNLAFPG,3
HNLLFNT,3
NNLSFHY,3
PNLYFMQ,3
ENLLFHH,3
VNLPFTF,3
LNLMFNG,3
DNLIFWD,3
QNLVFSQ,3
ANLIFAM,3
HNLIFQY,3
SNLCFMG,3
ENLLFPH,3
YNLGFPW,3
FNLQFHF,3
SNLGFFD,3
DNLLFGQ,3
TNLMFWP,3
CNLTFSY,3
ENLNFHT,3
ANLCFVM,3
PNLLFSW,3
HNLIFMA,3
QNLQFFH,3
WNLLFIP,3
ENLLFWL,3
TNLLFHE,3
SNLFFCM,3
WNLHFFM,3
QNLWFCT,3
QNLMFLA,3
MNLCFVT,3
QNLSFQQ,3
VNLPFGN,3
GNLVFMA,3
HNLLFYG,3
FNLLFAE,3
WNLTFNN,3
YNLHFNY,3
LNLSFIQ,3
GNLFFPT,3
SNLDFLL,3
CNLIFGA,3
ANLDFSQ,3
LNLYFDE,3
NNLAFIT,3
PNLGFPC,3
TNLEFMT,3
YNLIFQC,3
QNLHFTW,3
HNLEFLT,3
TNLFFSD,3
WNLDFNT,3
VNLVFDT,3
WNLEFYP,3
WNLDFSP,3
YNLCFEY,3
VNLEFGH,3
VNLSFAE,3
HNLCFGC,3
NNLAFHQ,3
DNLTFET,3
INLGFDD,3
ENLEFEC,3
WNLPFVA,3
YNLNFTS,3
WNLHFYT,3
PNLFFGD,3
CNLHFGQ,3
ENLTFIL,3
TNLQFGQ,3
VNLHFEC,3
DNLHFNT,3
YNLLFAG,3
TNLCFWA,3
PNLEFYF,3
TNLYFES,3
HNLPFDE,3
NNLLFIE,3
ANLMFYT,3
PNLLFIE,3
CNLPFIM,3
ANLAFDT,3
GNLTFES,3
ENLLFLY,3
INLAFVE,3
VNLLFHS,3
MNLYFDT,3
WNLSFVS,3
PNLGFNG,3
VNLVFVV,3
TNLEFIA,3
DNLDFPI,3
TNLEFEQ,3
INLPFFP,3
CNLWFPL,3
YNLSFAY,3
LNLVFVW,3
HNLNFWQ,3
ANLSFCI,3
NNLTFCL,3
VNLPFHF,3
MNLEFHS,3
PNLYFNQ,3
GNLHFEA,3
ENLIFQV,3
VNLQFPF,3
VNLNFPV,3
MNLHFHP,3
NNLVFHY,3
NNLAFGE,3
DNLCFTH,3
SNLDFAI,3
ANLHFWH,3
ENLYFQP,3
NNLQFNH,3
PNLHFQN,3
VNLGFQV,3
GNLDFDT,3
VNLYFHQ,3
VNLVFCA,3
GNLVFAI,3
YNLAFVN,3
HNLEFAE,3
GNLVFSH,3
ANLQFAW,3
WNLTFLS,3
GNLCFDI,3
PNLYFFQ,3
YNLMFYT,3
QNLAFLE,3
QNLHFTN,3
ENLGFQI,3
ANLGFDM,3
LNLAFFE,3
TNLVFQA,3
ANLEFSL,3
YNLAFPQ,3
WNLHFTN,3
QNLSFSH,3
DNLFFSL,3
YNLAFYI,3
QNLAFLM,3
WNLNFVG,3
TNLDFDV,3
GNLEFPY,3
ENLLFMS,3
ENLSFNY,3
HNLMFPM,3
WNLQFII,3
GNLIFQL,3
FNLNFHS,3
TNLIFMG,3
INLWFDL,3
WNLFFTH,3
MNLWFDS,3
QNLPFTI,3
TNLYFTQ,3
YNLDFFF,3
QNLYFET,3
MNLCFPV,3
WNLSFAF,3
LNLIFGT,3
INLIFTY,3
PNLYFLV,3
FNLLFGG,3
MNLHFFD,3
CNLQFND,3
ANLYFPI,3
HNLAFQV,3
FNLAFPG,3
ENLAFEQ,3
CNLCFLD,3
GNLEFLS,3
VNLMFEP,3
DNLAFTD,3
ANLVFWI,3
VNLMFNA,3
DNLGFSY,3
CNLTFTC,3
DNLMFLA,3
SNLYFIQ,3
WNLAFPI,3
VNLAFVM,3
HNLTFNI,3
SNLMFNP,3
GNLLFFE,3
TNLLFEH,3
WNLAFWT,3
VNLQFPE,3
GNLYFDV,3
ENLYFQA,3
MNLPFWN,3
YNLLFQA,3
DNLVFFS,3
LNLLFMT,3
GNLYFQS,3
WNLNFTN,3
DNLTFNC,3
GNLYFSH,3
HNLQFTN,3
FNLQFIH,3
INLQFTG,3
INLAFID,3
NNLMFYV,3
PNLFFYN,3
ENLPFSN,3
MNLLFVT,3
MNLPFCH,3
MNLCFLC,3
ENLIFDE,3
LNLQFCM,3
GNLYFNN,3
YNLMFTV,3
SNLGFSI,3
TNLNFIY,3
TNLSFTD,3
VNLGFDL,3
YNLSFCT,3
INLEFTM,3
TNLTFNI,3
SNLEFDT,3
SNLHFQH,3
INLYFDE,3
YNLIFGG,3
HNLEFHC,3
ENLMFFS,3
NNLNFDH,2
WNLGFNP,2
GNLWFHS,2
YNLYFSE,2
QNLGFTP,2
CNLEFSP,2
YNLCFFH,2
TNLYFIV,2
ANLLFPD,2
CNLAFGN,2
SNLGFYQ,2
ENLWFLI,2
LNLTFIS,2
ANLFFDP,2
TNLWFTM,2
TNLYFED,2
GNLSFNW,2
CNLVFNA,2
HNLPFEM,2
TNLIFNP,2
GNLYFYA,2
QNLCFIP,2
INLTFDF,2
MNLDFMV,2
HNLNFLN,2
ANLFFFA,2
LNLCFFE,2
CNLMFVM,2
VNLYFEA,2
DNLFFEC,2
DNLLFHH,2
CNLVFCF,2
DNLVFQN,2
VNLDFCN,2
GNLQFLW,2
VNLSFVH,2
HNLTFQW,2
MNLIFPH,2
MNLWFPW,2
DNLGFIA,2
YNLYFYP,2
TNLEFDP,2
INLHFYW,2
HNLMFPY,2
CNLGFLT,2
ANLSFWS,2
GNLLFPF,2
VNLIFSY,2
DNLDFHT,2
YNLHFYA,2
MNLSFAQ,2
VNLMFQQ,2
VNLLFGM,2
QNLPFFV,2
PNLFFGA,2
HNLSFIY,2
FNLEFNP,2
SNLWFVH,2
WNLCFLP,2
QNLQFTC,2
CNLCFAC,2
GNLPFMW,2
NNLHFAF,2
ENLDFQS,2
YNLFFHH,2
VNLFFES,2
SNLAFED,2
PNLQFQV,2
HNLLFAF,2
VNLTFVW,2
NNLLFQD,2
MNLIFIT,2
QNLIFLM,2
PNLAFNC,2
ENLIFQS,2
VNLMFAF,2
TNLVFQN,2
ANLSFYF,2
NNLVFMM,2
CNLCFPV,2
DNLDFTG,2
LNLDFWY,2
HNLEFYT,2
QNLQFYS,2
YNLWFTT,2
ANLFFAN,2
ENLLFQA,2
YNLMFSD,2
CNLHFAT,2
INLFFAT,2
HNLGFAT,2
DNLMFYT,2
FNLSFCE,2
HNLLFGC,2
GNLVFDA,2
HNLVFEG,2
WNLPFIE,2
DNLWFTA,2
PNLDFYV,2
VNLLFNC,2
VNLTFMC,2
MNLPFQI,2
FNLHFSM,2
MNLWFAP,2
TNLMFEY,2
PNLCFGL,2
ENLMFQL,2
QNLAFYS,2
DNLAFAM,2
WNLTFWG,2
CNLYFTQ,2
SNLMFAE,2
YNLIFEI,2
HNLEFPA,2
GNLIFHG,2
NNLLFYQ,2
LNLNFEP,2
FNLHFFG,2
DNLSFAE,2
ANLFFGV,2
GNLPFYM,2
VNLCFDT,2
CNLLFGY,2
ANLVFMG,2
SNLQFGP,2
HNLAFVI,2
GNLTFVY,2
ANLMFIV,2
PNLCFDT,2
FNLSFML,2
CNLVFLE,2
GNLLFPC,2
LNLWFQC,2
DNLGFAH,2
TNLNFEG,2
VNLGFPI,2
INLGFVI,2
ANLAFHQ,2
GNLMFQV,2
CNLSFIN,2
ENLLFLG,2
ENLAFMH,2
ANLCFVH,2
QNLAFSM,2
ENLCFYI,2
YNLTFNE,2
GNLQFTY,2
YNLQFFP,2
VNLSFDY,2
DNLDFSH,2
ENLLFPN,2
QNLAFDY,2
GNLGFGF,2
ANLAFDF,2
WNLTFHM,2
QNLMFDT,2
VNLLFQE,2
QNLEFPL,2
ENLPFWF,2
SNLQFEY,2
QNLVFYV,2
VNLYFNC,2
ANLPFGN,2
QNLDFQQ,2
VNLIFQQ,2
HNLWFLE,2
WNLGFCS,2
INLNFWA,2
FNLQFAC,2
INLDFTI,2
CNLHFEA,2
FNLTFNT,2
WNLPFDI,2
MNLCFTA,2
VNLPFMW,2
NNLFFFS,2
QNLVFYF,2
VNLQFNF,2
ENLCFPA,2
MNLTFQP,2
ANLVFNA,2
TNLVFVA,2
SNLGFDD,2
YNLYFCA,2
SNLTFWD,2
TNLGFLV,2
YNLMFEA,2
SNLMFFP,2
NNLGFWP,2
PNLQFAE,2
LNLTFDI,2
QNLGFCD,2
ENLSFNL,2
ANLGFAF,2
GNLNFAC,2
FNLYFQT,2
ANLFFTH,2
SNLNFHY,2
MNLAFQP,2
VNLYFQC,2
QNLAFEQ,2
NNLIFMT,2
QNLQFVG,2
CNLTFIY,2
LNLPFDI,2
HNLQFIV,2
QNLFFFL,2
LNLNFHQ,2
FNLLFQM,2
QNLIFVD,2
DNLSFYI,2
TNLHFYQ,2
SNLFFIQ,2
SNLIFIW,2
LNLYFIC,2
YNLYFTG,2
GNLHFYA,2
ANLFFGE,2
GNLFFLN,2
ENLLFMY,2
ANLMFGG,2
HNLYFWI,2
VNLSFNS,2
ENLWFTT,2
NNLFFNF,2
YNLHFNA,2
CNLHFVQ,2
ANLWFAY,2
NNLIFVY,2
CNLFFAS,2
VNLVFWA,2
VNLGFVQ,2
INLTFGI,2
DNLSFTP,2
PNLDFVY,2
PNLSFWG,2
SNLLFNF,2
NNLPFVE,2
ANLHFMC,2
YNLPFLF,2
LNLEFGI,2
GNLDFQQ,2
ANLGFFF,2
TNLAFIE,2
WNLPFVH,2
WNLCFPY,2
YNLFFMP,2
SNLQFCN,2
DNLWFDS,2
ENLYFQL,2
HNLVFFC,2
CNLSFFP,2
HNLVFPQ,2
MNLHFTI,2
SNLCFGM,2
SNLCFVV,2
LNLTFNE,2
DNLSFGQ,2
ENLVFMP,2
MNLPFEN,2
VNLNFVH,2
DNLQFIP,2
WNLSFDT,2
VNLYFED,2
PNLWFCA,2
PNLLFEH,2
ENLYFLG,2
DNLYFHT,2
YNLCFIV,2
YNLPFEG,2
LNLHFDD,2
YNLIFGE,2
WNLAFWQ,2
CNLLFYN,2
CNLWFIT,2
ENLAFET,2
DNLQFSD,2
QNLHFTD,2
YNLYFWI,2
MNLSFLC,2
MNLFFQP,2
MNLSFIY,2
INLWFSA,2
INLQFNY,2
NNLSFYE,2
NNLAFFC,2
NNLGFQF,2
VNLPFDS,2
GNLYFSS,2
VNLTFSI,2
VNLEFTI,2
NNLVFYT,2
ENLHFDC,2
GNLFFPG,2
INLCFYA,2
CNLHFET,2
SNLTFCW,2
ANLPFQW,2
VNLNFIV,2
GNLAFEA,2
ANLAFEQ,2
HNLHFEF,2
HNLQFQG,2
SNLEFVM,2
WNLLFHC,2
FNLAFFT,2
MNLQFYT,2
ENLPFSQ,2
INLDFNM,2
HNLNFMN,2
MNLTFNG,2
INLDFDY,2
DNLVFQP,2
PNLHFVQ,2
MNLNFMG,2
GNLTFYG,2
TNLGFNH,2
INLDFHM,2
ANLAFAI,2
ANLDFSY,2
INLCFNL,2
GNLHFQV,2
INLYFFM,2
ENLQFTY,2
WNLAFHL,2
TNLHFLQ,2
ENLLFDM,2
ENLQFTT,2
INLNFFS,2
SNLWFYP,2
DNLAFTG,2
GNLHFVI,2
CNLWFLI,2
ENLFFTV,2
ENLLFHE,2
SNLNFGN,2
TNLQFQV,2
GNLNFNW,2
ENLPFMI,2
PNLHFCN,2
INLMFPQ,2
HNLSFFI,2
NNLHFWQ,2
HNLSFNY,2
TNLNFYQ,2
CNLGFCH,2
SNLYFNN,2
HNLNFHA,2
LNLWFTI,2
ENLEFTV,2
ANLHFFN,2
TNLMFCI,2
WNLAFYY,2
CNLFFII,2
CNLAFQV,2
TNLGFQY,2
ENLCFQS,2
MNLAFAE,2
YNLHFQT,2
QNLTFFS,2
QNLYFSL,2
TNLMFGW,2
INLWFTH,2
ANLDFQC,2
CNLYFEN,2
TNLQFGY,2
NNLEFFG,2
LNLLFEG,2
PNLFFNQ,2
ANLPFEI,2
DNLPFPI,2
ANLYFFN,2
NNLMFMM,2
PNLHFHM,2
ENLVFVP,2
DNLIFGD,2
FNLLFGN,2
YNLLFIE,2
YNLYFMQ,2
SNLNFMI,2
FNLMFCV,2
YNLDFDA,2
ANLTFEC,2
QNLIFGI,2
GNLFFMC,2
WNLPFFP,2
YNLPFFV,2
CNLMFCT,2
ENLNFVN,2
NNLGFPN,2
MNLVFCT,2
VNLSFAY,2
PNLCFWT,2
QNLNFPT,2
PNLQFYF,2
QNLNFYV,2
MNLMFLI,2
TNLDFHN,2
LNLPFWW,2
INLEFVM,2
MNLAFGY,2
WNLSFHN,2
INLIFQA,2
YNLEFST,2
INLDFIP,2
SNLCFAV,2
LNLCFWG,2
NNLTFQY,2
VNLQFED,2
LNLWFPQ,2
CNLIFPY,2
DNLYFIW,2
ENLVFQG,2
TNLDFGF,2
LNLCFLH,2
TNLAFGQ,2
QNLWFCF,2
VNLTFYI,2
PNLMFWL,2
VNLTFQD,2
GNLIFYE,2
SNLIFLM,2
SNLSFHI,2
MNLQFTL,2
ANLFFMA,2
VNLDFVY,2
QNLCFMI,2
WNLLFFC,2
DNLAFSF,2
GNLFFTP,2
DNLHFST,2
TNLIFCI,2
YNLPFVI,2
YNLTFMW,2
MNLQFVH,2
TNLMFEI,2
VNLTFAQ,2
VNLDFGI,2
HNLVFES,2
ENLTFWN,2
MNLAFTF,2
SNLFFEA,2
WNLGFGM,2
DNLMFHG,2
QNLAFTP,2
FNLWFAF,2
MNLEFCP,2
VNLIFAM,2
GNLYFIA,2
ENLNFSC,2
CNLHFYS,2
HNLDFGL,2
INLWFCG,2
HNLTFIS,2
NNLYFEG,2
NNLPFWN,2
ENLAFSS,2
LNLEFSI,2
GNLGFGV,2
HNLCFYT,2
ENLMFTW,2
VNLLFCA,2
VNLAFYE,2
NNLAFID,2
DNLPFWP,2
DNLLFAN,2
LNLCFSD,2
PNLYFWI,2
QNLAFVT,2
WNLCFCV,2
WNLAFCV,2
VNLQFLY,2
FNLVFTL,2
PNLFFHF,2
YNLHFFI,2
ENLAFPD,2
MNLEFIG,2
NNLMFHQ,2
PNLVFNF,2
WNLWFLI,2
NNLEFSW,2
HNLGFFN,2
NNLLFAC,2
CNLPFFL,2
ANLDFLN,2
PNLWFVY,2
MNLTFEI,2
SNLMFYQ,2
WNLDFPV,2
NNLQFQQ,2
TNLMFWY,2
ENLSFTA,2
TNLYFDN,2
LNLAFML,2
PNLLFWC,2
YNLLFGP,2
HNLVFHN,2
CNLWFDL,2
PNLDFQG,2
YNLYFFD,2
VNLLFHM,2
GNLLFFC,2
WNLPFHV,2
DNLYFWQ,2
DNLFFEG,2
QNLCFLL,2
SNLWFGV,2
WNLTFAL,2
ANLSFQH,2
WNLPFAC,2
SNLGFSN,2
LNLMFHA,2
CNLHFAA,2
YNLDFTV,2
VNLNFQQ,2
CNLPFET,2
WNLHFDC,2
TNLVFCD,2
QNLPFEH,2
ANLNFTC,2
YNLTFGM,2
LNLEFVP,2
LNLGFVC,2
VNLVFIL,2
ENLYFQG,2
TNLAFEQ,2
ENLGFIQ,2
LNLCFLI,2
FNLYFSN,2
FNLYFMT,2
NNLTFEG,2
ANLEFHW,2
ENLTFLA,2
VNLYFQG,2
ANLDFMS,2
CNLFFHS,2
TNLMFDT,2
SNLFFGQ,2
HNLIFQD,2
VNLPFLW,2
DNLCFLS,2
NNLYFQF,2
ANLHFCI,2
INLVFIT,2
PNLMFNA,2
GNLWFTT,2
VNLHFPC,2
LNLAFMT,2
SNLFFVQ,2
FNLQFGP,2
WNLTFGH,2
CNLDFSY,2
GNLTFME,2
INLNFPE,2
SNLDFYY,2
HNLVFVW,2
TNLSFCW,2
SNLHFDP,2
VNLGFQS,2
SNLGFEC,2
ENLTFAI,2
QNLGFQM,2
CNLSFAT,2
QNLTFAT,2
LNLMFNY,2
LNLHFVL,2
PNLGFDD,2
TNLCFGW,2
LNLAFAC,2
GNLNFAE,2
ANLGFVV,2
YNLMFID,2
SNLLFQG,2
YNLTFYY,2
CNLDFCY,2
HNLSFED,2
HNLGFLY,2
ENLLFTD,2
ENLTFEY,2
VNLIFMY,2
YNLSFNY,2
ENLPFPW,2
WNLHFLP,2
ANLNFLH,2
FNLCFTQ,2
NNLAFPY,2
NNLWFGG,2
PNLCFYA,2
QNLQFQV,2
HNLVFYD,2
SNLFFWM,2
SNLVFNP,2
TNLHFWS,2
YNLPFHQ,2
ENLHFVP,2
FNLDFVL,2
INLVFPV,2
ANLFFLI,2
ANLHFEN,2
QNLSFQH,2
NNLYFWS,2
VNLTFDH,2
GNLWFPP,2
TNLHFDQ,2
ANLIFHY,2
VNLPFIV,2
LNLWFVC,2
SNLNFET,2
VNLPFCF,2
ENLQFSN,2
GNLQFPW,2
ENLSFIQ,2
NNLTFNG,2
FNLMFML,2
TNLGFYH,2
SNLCFIG,2
FNLQFSP,2
ANLHFYD,2
GNLYFWF,2
ANLQFPG,2
VNLMFPQ,2
VNLFFWH,2
NNLWFTQ,2
LNLVFAG,2
TNLEFQF,2
FNLLFPE,2
ANLMFHN,2
SNLHFAW,2
ENLCFTQ,2
PNLHFHD,2
INLGFIN,2
MNLQFMD,2
WNLFFSH,2
YNLHFVM,2
MNLYFYC,2
LNLTFWD,2
YNLIFSN,2
GNLVFWF,2
ANLMFTD,2
ANLDFNM,2
DNLWFLM,2
PNLQFML,2
LNLLFIW,2
HNLHFQY,2
HNLNFIS,2
CNLPFND,2
DNLSFWA,2
DNLMFSI,2
PNLWFNQ,2
PNLPFWS,2
PNLAFMG,2
FNLVFSP,2
ENLDFPI,2
YNLQFYV,2
WNLEFPA,2
HNLTFHF,2
WNLTFGI,2
HNLHFPY,2
DNLLFPY,2
DNLFFCE,2
YNLDFMS,2
INLQFED,2
CNLIFHH,2
MNLTFWG,2
PNLFFPV,2
VNLEFHY,2
FNLNFVL,2
VNLAFFP,2
YNLDFNV,2
MNLSFEE,2
TNLFFNV,2
YNLVFCP,2
NNLSFGF,2
YNLYFCT,2
VNLNFYT,2
PNLVFYY,2
DNLSFDW,2
DNLQFEC,2
LNLPFAW,2
ANLVFYC,2
PNLPFGW,2
DNLIFYS,2
ANLWFGV,2
TNLLFYM,2
FNLFFNY,2
SNLAFYG,2
LNLYFAE,2
YNLQFGL,2
INLAFLW,2
NNLLFMA,2
CNLLFQW,2
ANLVFQY,2
MNLGFTP,2
ENLWFLL,2
LNLWFDL,2
LNLIFEV,2
INLQFNM,2
GNLMFLN,2
QNLNFCG,2
GNLGFVQ,2
DNLSFHM,2
VNLAFDI,2
WNLTFVW,2
HNLFFAC,2
QNLVFEA,2
HNLMFMN,2
NNLCFHP,2
YNLPFWE,2
LNLVFQA,2
VNLLFGW,2
CNLLFFC,2
TNLYFNL,2
VNLYFQV,2
YNLMFLF,2
LNLFFFM,2
YNLTFHF,2
INLEFAM,2
GNLVFWP,2
PNLEFNV,2
WNLMFNH,2
DNLPFML,2
QNLMFAY,2
FNLCFDV,2
YNLEFND,2
CNLTFCH,2
LNLLFFN,2
WNLAFYF,2
TNLYFMH,2
GNLTFNG,2
CNLGFNN,2
NNLMFPQ,2
FNLNFLN,2
ANLQFAT,2
INLIFQY,2
ANLDFDC,2
ANLYFYW,2
LNLCFPN,2
QNLMFVG,2
YNLEFEA,2
ANLIFWG,2
CNLYFYV,2
QNLIFTA,2
FNLTFIE,2
ANLQFHY,2
INLHFHL,2
PNLVFAC,2
TNLFFTC,2
MNLSFMY,2
ENLYFQT,2
DNLVFES,2
ENLAFNT,2
MNLHFQL,2
NNLPFIC,2
QNLTFQP,2
QNLLFGD,2
QNLYFIN,2
QNLCFTV,2
QNLSFTW,2
SNLYFIH,2
CNLLFLY,2
ANLIFPY,2
NNLVFYL,2
GNLEFHV,2
YNLGFQI,2
HNLSFYQ,2
PNLDFYQ,2
LNLLFVE,2
ANLTFFS,2
PNLQFFD,2
CNLFFVP,2
PNLYFMV,2
LNLCFMA,2
MNLTFLG,2
YNLDFHH,2
GNLFFVG,2
PNLEFTP,2
LNLYFAY,2
VNLNFQE,2
PNLWFGP,2
WNLPFSW,2
SNLCFIE,2
MNLSFGE,2
HNLLFPC,2
QNLAFMN,2
NNLSFFF,2
HNLEFVL,2
HNLIFII,2
HNLTFNF,2
CNLFFTA,2
YNLSFHN,2
CNLCFVV,2
GNLSFSE,2
ANLFFTD,2
VNLEFGC,2
ANLMFQS,2
DNLGFGN,2
QNLPFYE,2
DNLCFDQ,2
GNLCFSF,2
NNLEFQF,2
YNLNFIG,2
ANLDFHN,2
LNLYFCL,2
NNLSFQY,2
WNLNFQN,2
INLFFVV,2
YNLPFND,2
MNLAFWL,2
ENLMFQS,2
TNLQFSY,2
ANLWFII,2
NNLAFYI,2
NNLNFNW,2
DNLQFMG,2
INLCFTC,2
DNLPFNQ,2
WNLDFLS,2
MNLIFSI,2
WNLTFAI,2
GNLGFEE,2
VNLMFLN,2
PNLFFEG,2
INLGFLI,2
INLTFQV,2
YNLDFGV,2
YNLIFFP,2
GNLQFTS,2
PNLMFND,2
DNLNFDH,2
FNLAFAC,2
LNLDFDN,2
SNLYFNY,2
LNLSFVH,2
VNLAFNG,2
GNLTFYN,2
YNLIFLE,2
ENLIFHC,2
WNLTFHV,2
MNLGFSN,2
DNLVFSH,2
CNLAFQP,2
HNLIFIY,2
GNLGFCS,2
LNLMFGM,2
FNLTFTF,2
INLWFNI,2
YNLFFHI,2
DNLWFVC,2
NNLQFED,2
DNLPFWQ,2
TNLIFPF,2
YNLIFPT,2
WNLTFVG,2
ENLSFEG,2
TNLEFGH,2
DNLQFFP,2
HNLHFEP,2
WNLGFHM,2
CNLLFDF,2
ENLCFPV,2
GNLLFWL,2
TNLGFAV,2
INLPFDI,2
LNLCFTT,2
YNLFFAF,1
ANLCFVS,1
DNLLFGM,1
CNLQFPI,1
FNLIFIN,1
PNLAFEI,1
YNLTFVW,1
NNLYFAY,1
MNLHFDV,1
NNLSFQF,1
FNLLFDA,1
FNLIFAI,1
ENLYFSV,1
ANLHFNC,1
MNLNFIA,1
CNLAFDP,1
PNLWFPE,1
SNLWFVM,1
PNLIFMA,1
HNLIFAG,1
SNLLFVY,1
ENLYFNI,1
PNLQFWM,1
FNLMFQY,1
YNLWFTN,1
FNLNFHH,1
NNLHFIF,1
VNLVFYT,1
LNLYFEA,1
MNLLFFS,1
NNLDFDM,1
HNLAFVA,1
LNLDFGY,1
QNLQFTV,1
WNLQFSA,1
QNLYFGH,1
PNLNFQE,1
TNLGFET,1
NNLHFDG,1
FNLNFPI,1
HNLSFIE,1
INLEFGM,1
ENLTFDA,1
ENLIFES,1
HNLGFLE,1
INLHFIY,1
LNLQFGL,1
QNLTFEI,1
GNLQFVD,1
VNLTFDI,1
QNLVFMH,1
PNLCFIC,1
QNLEFVT,1
ANLIFCI,1
NNLVFAW,1
ENLNFIL,1
GNLIFNY,1
MNLDFAY,1
QNLHFPY,1
GNLFFGG,1
NNLQFGP,1
DNLGFAG,1
CNLTFYM,1
CNLAFYA,1
ANLEFCM,1
PNLDFNT,1
DNLLFHY,1
ENLTFIT,1
YNLSFCF,1
TNLWFSM,1
HNLQFCT,1
LNLEFHC,1
YNLLFDV,1
LNLCFIW,1
ENLFFIQ,1
YNLIFCL,1
TNLNFQE,1
LNLNFGG,1
ANLEFHP,1
LNLEFSF,1
HNLQFLN,1
CNLMFID,1
INLDFDT,1
VNLPFDV,1
DNLTFCC,1
INLQFEQ,1
VNLNFSA,1
LNLLFFF,1
ANLMFNS,1
HNLWFIL,1
TNLVFMQ,1
INLVFHV,1
DNLLFLC,1
SNLPFEF,1
ENLSFYT,1
ENLAFHY,1
VNLSFEI,1
VNLNFGE,1
GNLMFLA,1
VNLLFTE,1
DNLIFVG,1
CNLMFTE,1
DNLFFEQ,1
YNLIFAE,1
TNLCFFA,1
CNLVFTS,1
QNLPFAI,1
CNLAFQC,1
VNLDFIT,1
FNLQFED,1
FNLWFTH,1
FNLDFGL,1
LNLQFQS,1
MNLDFAV,1
WNLLFHM,1
VNLLFDF,1
FNLTFEC,1
NNLPFNW,1
DNLQFQQ,1
CNLVFTA,1
YNLYFDY,1
FNLCFVP,1
WNLDFGC,1
PNLMFII,1
DNLQFYQ,1
YNLNFPF,1
ENLMFYL,1
HNLSFDH,1
ENLCFPC,1
GNLFFYS,1
HNLHFDQ,1
CNLVFVA,1
GNLPFCI,1
VNLGFML,1
LNLSFYI,1
YNLLFAE,1
INLNFMC,1
QNLPFMI,1
WNLLFPW,1
MNLDFSC,1
TNLHFDI,1
HNLCFEI,1
FNLEFYD,1
DNLTFEN,1
VNLCFFM,1
NNLTFIN,1
DNLCFNI,1
NNLYFIN,1
ANLAFDY,1
FNLIFPI,1
MNLLFCM,1
NNLLFFL,1
HNLIFSN,1
NNLVFQH,1
TNLVFGG,1
SNLYFMQ,1
LNLDFWM,1
QNLPFDQ,1
YNLVFIA,1
CNLIFCY,1
WNLDFHP,1
ANLTFEF,1
CNLVFSS,1
YNLEFPV,1
GNLEFWL,1
PNLFFDL,1
INLAFQS,1
HNLWFEC,1
HNLAFNY,1
GNLCFDY,1
LNLGFGD,1
VNLMFLP,1
LNLNFQP,1
YNLIFYE,1
ENLLFHI,1
INLSFDV,1
ENLYFNG,1
LNLQFHV,1
VNLPFEI,1
INLIFLP,1
ENLNFLY,1
MNLYFCF,1
QNLYFAL,1
ANLYFYA,1
WNLSFLF,1
MNLPFEY,1
VNLQFYG,1
YNLGFEQ,1
NNLSFWC,1
VNLFFPM,1
ANLEFVY,1
GNLIFDQ,1
ANLTFQC,1
LNLNFYD,1
ENLIFTS,1
SNLLFEA,1
ENLWFLP,1
ANLVFIS,1
TNLDFND,1
MNLWFWV,1
MNLTFDG,1
NNLLFWQ,1
DNLMFHD,1
LNLCFTY,1
NNLHFIL,1
QNLFFYH,1
FNLIFEP,1
HNLNFMI,1
PNLVFDW,1
PNLNFEQ,1
INLAFFD,1
TNLHFSW,1
YNLCFMQ,1
LNLVFMT,1
PNLEFQH,1
FNLSFHD,1
ANLDFAW,1
QNLCFPN,1
FNLQFLM,1
TNLEFCE,1
MNLIFYT,1
PNLCFSS,1
TNLVFWI,1
YNLQFTA,1
QNLNFMG,1
CNLYFTI,1
FNLIFGC,1
WNLYFYQ,1
ENLTFNS,1
ANLWFQS,1
ANLFFMG,1
PNLPFYC,1
YNLSFIE,1
DNLNFTW,1
HNLWFDL,1
INLEFHV,1
ENLDFQF,1
GNLAFGN,1
GNLIFGP,1
LNLWFHW,1
NNLDFEM,1
ANLCFGY,1
LNLMFFI,1
WNLFFNN,1
FNLQFAG,1
SNLCFHF,1
MNLVFSP,1
NNLVFLE,1
TNLQFVI,1
VNLFFVH,1
ANLFFAG,1
ENLHFVM,1
SNLMFIW,1
YNLEFWF,1
FNLAFQE,1
VNLHFQV,1
NNLAFAN,1
YNLYFYQ,1
FNLSFGF,1
ANLCFMM,1
TNLSFNF,1
YNLVFIY,1
ENLAFYH,1
CNLYFEV,1
ENLTFMF,1
LNLIFIQ,1
ANLGFYW,1
YNLFFAG,1
ENLVFYG,1
YNLFFQH,1
YNLDFTC,1
TNLLFDE,1
YNLGFMY,1
MNLEFTL,1
ENLSFEA,1
MNLIFPA,1
SNLGFMI,1
ENLQFAW,1
CNLHFTM,1
HNLHFHC,1
PNLCFFL,1
SNLEFMS,1
ANLEFNM,1
GNLMFNL,1
GNLIFYN,1
WNLLFLF,1
FNLDFQG,1
NNLGFMP,1
CNLYFWV,1
VNLPFTC,1
ENLHFTN,1
SNLEFGL,1
NNLGFMT,1
PNLYFHT,1
YNLIFQL,1
LNLIFCT,1
TNLAFFQ,1
DNLMFPL,1
QNLMFCL,1
YNLHFFL,1
TNLNFEW,1
ENLEFEA,1
TNLIFCL,1
LNLCFEH,1
GNLCFDT,1
QNLPFWE,1
ENLDFYV,1
QNLMFLS,1
NNLFFVN,1
HNLTFWD,1
ENLYFLI,1
NNLIFTE,1
ANLYFSF,1
HNLGFMW,1
YNLWFSA,1
DNLDFAD,1
MNLTFFP,1
HNLVFFA,1
VNLQFNG,1
MNLTFFF,1
CNLNFNF,1
NNLMFNN,1
HNLNFMA,1
MNLDFMN,1
ENLIFQL,1
PNLYFAG,1
ENLGFCF,1
TNLEFLY,1
ENLLFYF,1
MNLLFYQ,1
TNLGFEW,1
WNLSFMS,1
ENLLFVA,1
YNLYFHE,1
LNLVFFE,1
SNLWFLY,1
PNLFFCT,1
MNLHFAM,1
INLAFNW,1
YNLVFAH,1
FNLIFQL,1
PNLYFYE,1
ANLSFWY,1
INLPFHE,1
QNLGFTC,1
SNLNFQQ,1
TNLMFDH,1
ANLIFVH,1
MNLHFYV,1
GNLTFVN,1
INLWFFV,1
INLQFES,1
DNLIFGE,1
DNLDFAH,1
LNLMFVT,1
NNLQFCM,1
QNLTFWY,1
MNLCFAQ,1
GNLTFEF,1
INLGFMN,1
DNLFFVH,1
QNLVFIY,1
GNLHFQQ,1
YNLEFCP,1
ENLLFDG,1
CNLSFPH,1
ENLHFWW,1
QNLYFTD,1
MNLVFHT,1
ANLEFCT,1
DNLEFGE,1
INLFFEA,1
NNLGFYE,1
FNLTFSQ,1
HNLMFVN,1
VNLNFYW,1
INLAFEV,1
FNLNFGQ,1
INLNFQC,1
YNLIFAM,1
GNLAFIF,1
WNLMFFA,1
WNLHFSN,1
SNLVFWH,1
MNLWFEN,1
VNLSFHC,1
TNLMFYI,1
TNLLFEQ,1
FNLAFAQ,1
DNLVFYT,1
VNLNFTM,1
LNLEFGY,1
SNLAFDI,1
LNLNFWY,1
SNLHFEI,1
MNLYFTA,1
NNLLFDT,1
MNLLFHL,1
CNLQFGH,1
ENLDFWF,1
LNLSFHN,1
YNLEFAA,1
FNLQFMA,1
SNLEFMG,1
HNLWFMH,1
YNLMFQH,1
FNLAFMG,1
FNLVFLT,1
WNLEFHN,1
LNLCFWN,1
SNLFFEN,1
ENLFFVG,1
ENLSFWI,1
DNLPFVC,1
ANLNFCV,1
ANLQFAY,1
FNLQFIA,1
YNLVFVP,1
SNLWFPL,1
HNLSFCM,1
YNLFFVP,1
CNLTFWG,1
QNLNFVG,1
VNLNFDN,1
ANLSFEC,1
WNLLFND,1
ANLQFGG,1
PNLSFWC,1
DNLNFPQ,1
INLYFPQ,1
QNLWFGH,1
GNLGFGP,1
MNLCFLE,1
CNLIFPH,1
QNLSFSC,1
DNLFFEP,1
ENLFFGH,1
VNLNFPI,1
PNLPFMY,1
YNLHFTW,1
ENLHFSW,1
HNLPFMS,1
MNLQFQC,1
SNLLFMM,1
ANLWFAM,1
WNLVFGL,1
SNLWFDE,1
TNLAFDH,1
ANLFFLH,1
ANLTFGN,1
HNLWFGF,1
INLQFVG,1
QNLEFVL,1
INLFFTH,1
VNLWFDP,1
INLNFSC,1
INLNFDH,1
LNLMFLG,1
MNLLFTM,1
ENLGFCG,1
YNLCFFT,1
VNLHFWT,1
ANLYFDN,1
YNLTFGI,1
PNLNFDV,1
DNLYFPC,1
GNLPFVD,1
MNLAFSQ,1
INLLFGN,1
LNLGFHI,1
INLCFPS,1
YNLIFFI,1
HNLVFMW,1
SNLEFPQ,1
YNLLFFV,1
TNLCFFN,1
CNLYFVA,1
NNLDFCG,1
LNLAFMF,1
DNLMFES,1
PNLTFNF,1
ANLYFFT,1
QNLPFSW,1
LNLSFED,1
ENLLFHD,1
NNLTFDC,1
ENLNFFD,1
YNLEFSN,1
DNLYFFL,1
FNLHFCY,1
QNLSFGM,1
YNLDFNG,1
MNLDFHT,1
NNLAFYN,1
INLNFDS,1
TNLHFWN,1
LNLGFQM,1
GNLGFVD,1
ENLPFNN,1
ENLQFGP,1
INLGFQS,1
PNLNFLE,1
YNLSFHD,1
INLEFYL,1
GNLNFID,1
DNLGFDE,1
MNLAFAN,1
TNLWFLI,1
INLAFCC,1
TNLEFIM,1
ANLLFGI,1
SNLDFMA,1
WNLMFNT,1
TNLIFIW,1
CNLEFLG,1
INLWFLD,1
FNLAFWL,1
PNLQFLY,1
CNLQFSV,1
HNLYFIT,1
TNLEFYS,1
LNLEFYV,1
TNLIFEV,1
FNLIFLH,1
MNLEFSG,1
WNLNFGT,1
QNLMFEY,1
WNLGFAQ,1
MNLDFII,1
FNLAFNP,1
NNLMFDE,1
ENLLFPM,1
ANLYFYY,1
INLWFTT,1
DNLHFWV,1
NNLNFGC,1
ANLEFLL,1
CNLMFNT,1
PNLHFVM,1
PNLIFVW,1
SNLCFIA,1
HNLFFYT,1
ANLYFWQ,1
ANLEFFS,1
SNLWFHP,1
MNLMFML,1
HNLFFFS,1
TNLIFMS,1
LNLVFYL,1
INLWFHG,1
TNLHFQT,1
INLTFDG,1
NNLNFPW,1
ENLWFTC,1
INLGFWP,1
QNLFFPA,1
ANLMFMY,1
DNLEFIH,1
ENLSFIW,1
NNLCFSE,1
LNLAFWC,1
ENLHFVA,1
HNLCFQT,1
SNLAFYH,1
ENLPFMH,1
DNLSFPQ,1
ANLNFFH,1
VNLPFNF,1
HNLWFWL,1
INLAFYI,1
HNLIFFW,1
LNLLFVG,1
WNLPFME,1
LNLYFDM,1
LNLIFIE,1
YNLAFDV,1
INLYFFN,1
DNLEFMN,1
NNLYFTC,1
WNLLFAE,1
SNLFFQS,1
PNLQFDL,1
MNLGFAW,1
NNLSFMQ,1
GNLPFTF,1
ENLVFEA,1
PNLEFHF,1
NNLGFGI,1
VNLAFFI,1
ENLFFTT,1
NNLHFHY,1
FNLWFNL,1
ANLWFEM,1
FNLWFTI,1
WNLAFHA,1
SNLYFQY,1
GNLPFGW,1
GNLVFPQ,1
ENLYFAQ,1
DNLCFFC,1
TNLQFVF,1
INLGFYD,1
LNLDFMM,1
TNLSFES,1
QNLPFLW,1
WNLEFSD,1
TNLGFEY,1
WNLAFLV,1
GNLYFEM,1
INLTFAY,1
INLCFSF,1
FNLFFMT,1
PNLAFIF,1
VNLQFVP,1
ANLFFCE,1
CNLFFVD,1
SNLVFQG,1
HNLIFHI,1
NNLYFAG,1
ENLPFVV,1
YNLSFHY,1
QNLEFEA,1
MNLQFDL,1
YNLWFPS,1
INLNFPY,1
GNLSFFG,1
WNLVFAS,1
FNLLFQC,1
NNLIFMW,1
VNLSFEH,1
HNLVFCW,1
DNLFFGA,1
DNLEFQS,1
HNLAFGS,1
QNLCFIC,1
ANLSFQL,1
ENLMFPC,1
GNLCFPY,1
TNLNFNC,1
SNLDFQE,1
VNLGFEQ,1
DNLLFNN,1
MNLSFMS,1
VNLYFSG,1
ANLDFMN,1
FNLDFII,1
HNLCFFY,1
PNLYFHH,1
DNLHFGL,1
QNLVFMN,1
YNLGFCA,1
YNLYFPC,1
QNLMFFC,1
MNLSFCW,1
MNLMFMV,1
TNLSFFW,1
CNLSFVA,1
WNLPFGI,1
HNLGFWF,1
WNLNFYL,1
VNLEFMF,1
TNLGFYV,1
YNLIFPC,1
LNLMFIC,1
MNLSFNA,1
MNLHFLI,1
GNLMFSA,1
NNLHFGQ,1
FNLLFND,1
PNLCFPW,1
QNLVFNL,1
FNLVFYM,1
HNLVFVC,1
NNLFFLC,1
YNLSFEC,1
SNLNFCG,1
NNLNFQA,1
GNLQFIP,1
DNLFFLM,1
DNLNFTD,1
YNLFFEH,1
VNLVFGC,1
VNLCFIA,1
YNLMFHV,1
NNLYFYF,1
QNLWFPT,1
DNLYFPW,1
LNLCFQQ,1
MNLDFHA,1
ENLFFSH,1
WNLPFYI,1
LNLDFGM,1
CNLEFIE,1
FNLMFDG,1
ENLFFAN,1
DNLFFNS,1
MNLSFFH,1
SNLYFNW,1
CNLMFPC,1
GNLYFEP,1
TNLHFCQ,1
MNLNFHV,1
TNLFFWN,1
VNLDFHH,1
QNLPFGN,1
PNLNFMD,1
VNLYFTI,1
GNLWFEM,1
DNLLFEF,1
LNLIFAS,1
YNLMFWT,1
MNLGFEL,1
FNLGFLQ,1
LNLVFWA,1
VNLWFQC,1
INLAFAH,1
MNLDFFT,1
VNLNFGG,1
HNLVFCS,1
WNLMFCY,1
WNLSFLE,1
ENLQFTG,1
ENLAFWP,1
ANLHFQD,1
LNLYFMY,1
SNLDFPM,1
PNLIFIW,1
INLEFDF,1
PNLWFFV,1
HNLNFND,1
WNLAFSY,1
LNLDFYG,1
VNLLFHC,1
LNLVFQS,1
YNLGFNL,1
GNLPFEY,1
CNLIFPA,1
ENLSFQY,1
HNLIFFA,1
NNLAFHE,1
NNLFFWL,1
ANLIFDH,1
ANLAFQW,1
ANLSFDY,1
MNLDFDI,1
CNLQFIP,1
INLVFLD,1
NNLWFGP,1
HNLEFHM,1
SNLWFPY,1
YNLTFCL,1
QNLLFEA,1
YNLEFVA,1
ANLNFHM,1
LNLAFYW,1
SNLCFDI,1
ENLCFWT,1
FNLPFVV,1
TNLYFFV,1
DNLQFMS,1
PNLLFDY,1
ANLAFIH,1
QNLVFYA,1
NNLDFPF,1
WNLHFSF,1
NNLQFQE,1
VNLYFAT,1
CNLDFEH,1
INLYFHP,1
YNLYFGS,1
NNLWFLT,1
WNLPFEL,1
QNLSFIW,1
YNLMFNN,1
INLCFTA,1
QNLYFYH,1
ENLCFPY,1
CNLCFYA,1
SNLMFHN,1
WNLDFWT,1
GNLGFSQ,1
HNLYFDT,1
ENLHFGE,1
WNLTFMG,1
INLIFEV,1
FNLFFMM,1
QNLDFPG,1
YNLFFSH,1
CNLFFVS,1
MNLHFLH,1
MNLHFNE,1
CNLNFGV,1
HNLEFMP,1
WNLGFTY,1
FNLWFDL,1
ANLLFCY,1
HNLNFCL,1
YNLCFQQ,1
QNLGFAQ,1
YNLFFMI,1
WNLSFNA,1
YNLIFDE,1
ENLLFQW,1
QNLIFNP,1
CNLEFTQ,1
CNLHFWH,1
CNLWFAV,1
GNLNFAV,1
DNLYFSY,1
INLNFYL,1
LNLYFNE,1
GNLNFPW,1
ANLCFMH,1
HNLMFIT,1
INLPFGQ,1
SNLYFEH,1
ANLGFQY,1
VNLPFYD,1
TNLDFHM,1
PNLNFSF,1
SNLGFEA,1
PNLHFCI,1
TNLYFAE,1
YNLSFEV,1
HNLQFWH,1
GNLNFWF,1
VNLAFNA,1
WNLQFTI,1
DNLPFID,1
NNLLFPH,1
SNLYFHW,1
NNLMFVM,1
INLEFES,1
FNLMFVN,1
VNLIFGW,1
DNLVFWS,1
FNLSFMG,1
WNLCFAY,1
QNLHFLN,1
TNLDFCV,1
ANLIFMG,1
HNLSFEQ,1
ENLTFYP,1
ANLAFYG,1
YNLFFSN,1
DNLDFMA,1
CNLYFPH,1
ENLSFCT,1
GNLLFDW,1
NNLVFET,1
ANLLFWV,1
YNLYFTH,1
PNLEFSF,1
YNLAFGF,1
VNLMFLG,1
QNLSFAT,1
YNLIFVD,1
HNLEFMN,1
CNLWFHT,1
INLGFYM,1
TNLEFDL,1
YNLAFNN,1
WNLQFAG,1
YNLLFNQ,1
CNLVFSV,1
DNLTFCA,1
GNLQFMV,1
VNLGFDY,1
WNLAFEQ,1
MNLCFHV,1
ANLNFQE,1
HNLWFTP,1
GNLSFQN,1
GNLIFWA,1
ENLWFWL,1
FNLPFCW,1
TNLFFML,1
MNLPFQC,1
TNLGFVY,1
INLTFVN,1
ANLNFNC,1
PNLWFQH,1
SNLFFMT,1
ANLHFYC,1
QNLHFSY,1
YNLAFDP,1
VNLCFCP,1
INLSFEN,1
CNLFFCA,1
SNLIFWC,1
SNLLFHF,1
VNLDFMD,1
SNLVFNQ,1
CNLMFPT,1
ENLLFHP,1
SNLMFIV,1
LNLQFTI,1
PNLIFNY,1
GNLDFYY,1
FNLEFIP,1
WNLTFNI,1
WNLQFNG,1
INLNFED,1
QNLCFTW,1
FNLEFMT,1
LNLYFVC,1
VNLYFPI,1
VNLMFAV,1
CNLHFME,1
YNLLFEI,1
PNLSFEW,1
DNLVFPM,1
INLIFSI,1
ENLVFTV,1
YNLYFTM,1
DNLCFSQ,1
ENLQFLP,1
PNLHFED,1
YNLMFEL,1
YNLIFYS,1
WNLPFGH,1
GNLCFPM,1
INLQFYP,1
DNLVFTG,1
FNLVFMW,1
GNLQFMQ,1
SNLVFQC,1
MNLPFLF,1
SNLDFNI,1
VNLNFYD,1
MNLCFQN,1
VNLHFIY,1
LNLYFNV,1
VNLCFSA,1
SNLEFQV,1
VNLSFWG,1
ENLMFNT,1
YNLMFTM,1
GNLDFSI,1
CNLHFMI,1
QNLEFDP,1
PNLNFEA,1
QNLYFHS,1
PNLHFYN,1
YNLNFDH,1
SNLFFFS,1
VNLHFDT,1
ANLEFYV,1
HNLDFMP,1
HNLCFHC,1
PNLEFPM,1
GNLSFEF,1
MNLLFTC,1
ENLMFMS,1
TNLVFLE,1
YNLYFPQ,1
ANLCFMP,1
GNLTFED,1
ENLTFSV,1
WNLTFDY,1
VNLQFDP,1
FNLQFHY,1
ENLNFDF,1
WNLFFSP,1
GNLDFNL,1
VNLPFNY,1
FNLYFHS,1
SNLWFSD,1
LNLNFIM,1
LNLNFDA,1
ENLIFQI,1
YNLIFSW,1
ENLVFYI,1
CNLHFHE,1
SNLCFES,1
HNLGFHE,1
INLEFEA,1
DNLCFQI,1
ANLGFYT,1
TNLPFQC,1
LNLMFGN,1
PNLAFWV,1
TNLDFMY,1
NNLFFMP,1
PNLHFME,1
NNLYFVG,1
FNLPFQE,1
CNLQFYS,1
LNLSFEY,1
YNLYFWF,1
INLNFGH,1
WNLAFDG,1
WNLNFWS,1
GNLPFND,1
PNLGFEC,1
GNLNFSY,1
GNLSFFS,1
GNLEFVY,1
NNLWFPL,1
PNLMFLD,1
INLNFEQ,1
ANLVFAD,1
HNLCFIS,1
TNLFFMT,1
VNLEFDD,1
TNLQFYI,1
VNLYFSC,1
ENLVFYN,1
VNLWFAN,1
DNLHFMW,1
WNLDFQY,1
FNLYFAQ,1
LNLVFHA,1
CNLNFQS,1
ENLQFEA,1
SNLHFQW,1
LNLEFNT,1
CNLTFDQ,1
WNLPFDT,1
CNLWFIQ,1
WNLPFYT,1
HNLMFDT,1
ANLYFDT,1
VNLCFYS,1
LNLQFQA,1
TNLAFED,1
HNLMFET,1
YNLYFFL,1
TNLFFLF,1
ENLPFQD,1
QNLAFWW,1
YNLMFPI,1
HNLWFGV,1
TNLFFFS,1
VNLDFCI,1
CNLWFIL,1
ENLVFTS,1
LNLAFHD,1
WNLLFVS,1
DNLAFDI,1
INLGFCE,1
ENLPFWG,1
VNLYFNA,1
YNLAFYG,1
LNLAFGY,1
WNLYFHV,1
MNLCFGL,1
NNLVFQM,1
VNLFFPE,1
DNLCFWM,1
YNLPFEW,1
INLEFCT,1
PNLAFQD,1
GNLIFFS,1
YNLSFGD,1
ANLHFHF,1
QNLYFGF,1
VNLFFVY,1
VNLMFHA,1
TNLDFII,1
HNLVFTY,1
INLYFFV,1
QNLQFIG,1
ENLDFAT,1
SNLIFMW,1
YNLWFYV,1
CNLYFLC,1
ENLGFGD,1
DNLAFAG,1
DNLIFNV,1
TNLCFNM,1
ANLQFIW,1
PNLSFGD,1
PNLMFFI,1
LNLMFVW,1
INLNFMG,1
ENLIFMS,1
NNLEFGM,1
ANLYFFL,1
WNLAFWP,1
CNLLFYQ,1
NNLMFPT,1
WNLHFNI,1
ENLMFMD,1
WNLAFQG,1
TNLYFYN,1
NNLMFVI,1
MNLNFDV,1
CNLGFII,1
MNLLFDV,1
NNLEFEQ,1
QNLGFES,1
LNLIFNP,1
LNLCFHW,1
HNLDFEE,1
QNLYFWH,1
MNLDFSY,1
DNLGFAD,1
PNLFFCS,1
HNLMFQA,1
MNLLFNN,1
VNLSFII,1
DNLSFEN,1
VNLEFGQ,1
SNLGFYM,1
SNLCFYV,1
GNLSFGW,1
ANLYFFH,1
QNLMFES,1
TNLIFWS,1
GNLPFSC,1
YNLSFML,1
WNLGFVY,1
QNLSFLW,1
ENLVFLA,1
GNLYFSL,1
VNLIFMV,1
HNLGFGV,1
HNLNFHE,1
INLTFGF,1
GNLAFQQ,1
ANLPFYQ,1
YNLSFFT,1
YNLTFVA,1
ENLFFGF,1
ENLHFNN,1
MNLQFAV,1
SNLYFAQ,1
LNLQFET,1
VNLFFDY,1
DNLQFAQ,1
VNLNFMP,1
ANLAFFA,1
GNLHFWG,1
SNLWFAI,1
QNLAFTF,1
INLMFQQ,1
NNLMFES,1
INLSFQY,1
NNLNFYN,1
PNLWFWL,1
FNLTFCM,1
FNLLFLN,1
SNLVFEG,1
MNLYFFS,1
ANLVFVW,1
INLWFHS,1
LNLCFED,1
YNLVFTS,1
QNLWFTL,1
FNLMFGQ,1
WNLTFTG,1
CNLQFLV,1
WNLLFIN,1
TNLTFWY,1
PNLYFML,1
YNLSFWD,1
INLIFPD,1
GNLTFCN,1
GNLVFSI,1
LNLEFMI,1
QNLIFIG,1
QNLVFIT,1
NNLMFAC,1
GNLYFPS,1
TNLHFNI,1
QNLEFWS,1
TNLWFHV,1
NNLAFEQ,1
GNLIFNQ,1
ENLLFNN,1
QNLGFTN,1
YNLMFTY,1
FNLTFTM,1
FNLPFEQ,1
CNLQFGT,1
ANLGFWT,1
INLQFHD,1
GNLIFCI,1
HNLHFYQ,1
DNLYFEI,1
CNLQFLY,1
QNLCFTQ,1
GNLTFFY,1
GNLWFFT,1
HNLYFGQ,1
QNLVFNH,1
DNLGFQP,1
NNLYFNL,1
HNLMFEP,1
WNLAFYH,1
SNLIFDA,1
YNLAFDQ,1
QNLEFDA,1
GNLHFQW,1
LNLVFVS,1
LNLCFDI,1
NNLIFFM,1
SNLAFWA,1
GNLGFAY,1
INLPFNC,1
TNLGFMS,1
ENLHFTC,1
INLFFTQ,1
DNLIFDS,1
PNLDFND,1
WNLMFAI,1
GNLQFEC,1
MNLPFDY,1
ANLYFHQ,1
NNLCFPY,1
DNLVFAS,1
QNLQFCM,1
SNLEFFW,1
NNLNFGV,1
HNLDFCQ,1
DNLIFYW,1
VNLHFTW,1
FNLVFNG,1
GNLEFMN,1
FNLLFWH,1
WNLSFFN,1
DNLHFVG,1
INLCFHV,1
GNLQFCV,1
YNLGFTV,1
DNLYFHM,1
YNLMFLV,1
INLNFNP,1
QNLIFLC,1
QNLFFHP,1
PNLYFAM,1
TNLWFEY,1
WNLSFAN,1
ENLQFCL,1
PNLWFAA,1
ENLWFTS,1
VNLHFCW,1
WNLNFHD,1
GNLGFSE,1
LNLEFLN,1
QNLEFIA,1
NNLHFCV,1
INLMFSM,1
LNLNFCM,1
DNLNFNY,1
WNLPFMM,1
CNLTFQM,1
QNLVFGF,1
MNLYFCS,1
GNLGFDL,1
HNLDFTC,1
QNLNFMV,1
WNLPFMA,1
QNLVFIL,1
CNLHFGW,1
NNLGFGL,1
INLTFFA,1
MNLIFYS,1
YNLLFEF,1
NNLTFVC,1
GNLHFLD,1
CNLDFCP,1
QNLLFQG,1
INLQFGA,1
LNLWFLV,1
ENLLFET,1
FNLVFNA,1
HNLEFSF,1
LNLEFAW,1
QNLWFWN,1
ENLNFIA,1
DNLAFWI,1
WNLQFGP,1
INLSFMI,1
VNLCFIG,1
SNLFFHE,1
TNLCFDV,1
INLLFWL,1
INLGFVM,1
NNLEFVM,1
INLPFYN,1
SNLIFHQ,1
YNLLFYH,1
INLQFYH,1
INLNFPV,1
DNLHFHE,1
PNLHFMQ,1
CNLPFCW,1
PNLDFTE,1
YNLAFLI,1
DNLLFAY,1
TNLYFLD,1
PNLHFQE,1
NNLPFEY,1
HNLYFPL,1
GNLCFNQ,1
GNLAFWG,1
ANLMFIQ,1
PNLYFPM,1
QNLNFDQ,1
VNLIFVE,1
QNLQFPE,1
FNLNFDG,1
HNLFFII,1
WNLCFQT,1
ENLTFLF,1
NNLMFAH,1
INLEFLI,1
INLDFEE,1
GNLHFYD,1
GNLYFVT,1
ENLQFQI,1
LNLHFCW,1
MNLVFFH,1
INLLFSM,1
TNLHFCM,1
ANLPFDV,1
WNLNFYP,1
GNLNFVH,1
WNLIFFT,1
ANLHFND,1
GNLPFEM,1
TNLCFAC,1
NNLQFYG,1
CNLVFYV,1
MNLPFES,1
NNLNFHD,1
QNLHFGL,1
QNLGFCP,1
WNLIFCA,1
LNLWFIC,1
INLFFCM,1
HNLHFSY,1
FNLGFYF,1
SNLSFMN,1
MNLPFTW,1
YNLDFEQ,1
ENLGFVA,1
TNLNFMA,1
QNLPFTE,1
WNLIFPW,1
HNLDFCN,1
HNLLFLD,1
YNLNFHD,1
INLWFYS,1
DNLMFLF,1
HNLQFQT,1
PNLPFWW,1
TNLEFIY,1
DNLIFHE,1
SNLAFIF,1
SNLHFWT,1
GNLCFII,1
YNLEFPW,1
NNLFFAV,1
VNLHFVV,1
INLTFIC,1
MNLWFAG,1
FNLGFAY,1
PNLMFFT,1
TNLAFEH,1
PNLYFLC,1
HNLTFFF,1
TNLVFID,1
TNLEFNL,1
GNLCFCC,1
PNLYFFS,1
QNLSFEH,1
YNLSFWW,1
INLDFES,1
DNLTFMF,1
ENLCFMV,1
WNLEFQL,1
SNLQFNA,1
GNLMFHQ,1
TNLEFSV,1
PNLWFHN,1
ANLEFVL,1
SNLEFQW,1
TNLVFSI,1
ENLDFQH,1
SNLWFSG,1
PNLDFVH,1
TNLQFNM,1
ANLHFCQ,1
CNLSFQC,1
SNLNFPC,1
NNLLFHA,1
DNLDFYD,1
FNLFFVT,1
HNLYFVS,1
INLSFIE,1
PNLHFEE,1
NNLFFFG,1
INLDFDI,1
DNLNFLQ,1
QNLLFNY,1
DNLNFED,1
WNLLFYN,1
ENLQFQP,1
MNLGFPG,1
VNLEFWS,1
ENLAFES,1
HNLGFVD,1
WNLSFYA,1
INLGFFH,1
DNLSFDL,1
NNLEFTS,1
GNLIFHY,1
INLAFCT,1
HNLVFQN,1
QNLGFTS,1
VNLCFVY,1
SNLYFAF,1
PNLFFYA,1
PNLEFES,1
MNLNFSV,1
YNLHFLW,1
FNLAFIH,1
PNLMFAV,1
MNLYFAC,1
SNLWFSE,1
DNLVFPY,1
QNLLFMY,1
NNLDFTH,1
LNLMFQG,1
YNLEFMN,1
FNLEFAD,1
SNLPFWW,1
LNLAFNM,1
SNLYFTW,1
LNLEFQN,1
TNLQFQF,1
DNLMFLS,1
NNLFFLV,1
WNLCFNN,1
GNLLFNG,1
VNLVFAS,1
ANLCFCY,1
SNLWFDW,1
YNLMFHA,1
YNLYFQG,1
PNLNFCN,1
YNLYFTF,1
CNLTFCV,1
SNLSFQW,1
CNLDFNY,1
ENLCFLP,1
NNLSFGD,1
MNLFFSC,1
YNLLFAF,1
MNLYFQY,1
QNLYFVY,1
CNLSFVQ,1
VNLHFEV,1
WNLDFCP,1
DNLVFLT,1
HNLWFLP,1
INLSFYE,1
VNLEFPE,1
TNLMFFA,1
PNLWFGL,1
LNLFFAT,1
HNLDFNN,1
HNLAFVC,1
VNLAFET,1
NNLYFED,1
QNLQFFC,1
LNLAFQV,1
CNLCFNE,1
CNLPFQT,1
TNLQFSC,1
ANLNFGG,1
YNLVFYP,1
GNLFFPC,1
ANLNFEF,1
HNLGFQS,1
HNLMFAA,1
WNLLFHN,1
HNLEFNC,1
WNLGFML,1
YNLHFGH,1
GNLGFDW,1
INLIFLH,1
DNLYFLL,1
MNLYFAV,1
LNLNFFF,1
INLIFFD,1
GNLAFYS,1
HNLAFAE,1
VNLDFNY,1
NNLTFQF,1
MNLWFSD,1
GNLPFCY,1
VNLHFWF,1
PNLNFWA,1
TNLMFSD,1
GNLTFAD,1
FNLQFSC,1
ENLDFTV,1
MNLWFSH,1
MNLMFTA,1
NNLFFFV,1
MNLGFGN,1
SNLDFAY,1
FNLWFGC,1
PNLTFWW,1
ENLQFIT,1
WNLYFMH,1
FNLTFDA,1
HNLLFWL,1
ANLCFYS,1
YNLTFGW,1
INLIFYA,1
CNLWFGI,1
SNLEFAA,1
PNLFFYS,1
VNLSFAI,1
PNLDFII,1
WNLQFFH,1
HNLDFVM,1
INLQFVI,1
SNLMFYW,1
PNLIFHM,1
CNLIFHG,1
DNLAFVL,1
PNLIFFF,1
PNLIFIC,1
CNLNFCS,1
ANLIFIH,1
HNLWFWS,1
YNLWFMT,1
DNLFFNY,1
MNLNFLL,1
CNLLFPY,1
TNLYFPQ,1
WNLPFWG,1
TNLWFAG,1
ANLIFHH,1
MNLDFYY,1
HNLTFNY,1
YNLWFPA,1
FNLFFAV,1
YNLVFNI,1
QNLTFGG,1
FNLHFGG,1
TNLYFDL,1
WNLIFQN,1
ENLAFPQ,1
LNLVFEG,1
SNLWFNQ,1
TNLSFEC,1
TNLGFMY,1
PNLNFHE,1
SNLQFWM,1
YNLNFHG,1
MNLVFNG,1
HNLNFYL,1
NNLIFSV,1
NNLEFDS,1
HNLLFIE,1
TNLVFDW,1
YNLHFTY,1
PNLQFDN,1
LNLYFSN,1
VNLLFAE,1
LNLYFQS,1
INLQFPH,1
INLQFPG,1
SNLEFIT,1
HNLWFHH,1
WNLTFHI,1
QNLFFNP,1
NNLMFCP,1
QNLVFCS,1
PNLFFLC,1
MNLGFAY,1
WNLPFTF,1
ENLIFPQ,1
SNLGFWD,1
INLTFQW,1
MNLHFST,1
GNLFFTW,1
PNLHFCV,1
TNLMFMQ,1
TNLSFEH,1
PNLFFDQ,1
DNLQFIH,1
WNLTFPN,1
YNLMFLS,1
TNLPFWE,1
TNLYFGE,1
DNLLFIV,1
TNLIFNS,1
QNLHFMD,1
FNLIFNP,1
HNLDFNG,1
SNLAFVI,1
SNLWFMH,1
GNLEFGL,1
FNLEFTV,1
ANLHFTM,1
YNLCFIP,1
FNLNFII,1
MNLIFPN,1
ENLMFNP,1
HNLPFWW,1
ANLDFEN,1
GNLQFTT,1
ANLHFWY,1
NNLLFDH,1
INLEFDI,1
LNLDFPN,1
LNLQFFS,1
ENLLFLE,1
GNLEFTF,1
NNLMFNC,1
QNLSFDC,1
SNLMFCP,1
TNLFFHY,1
WNLFFQE,1
YNLTFHE,1
WNLPFCL,1
ANLQFQM,1
NNLTFHC,1
CNLPFGI,1
GNLWFEV,1
ENLTFNQ,1
INLIFQQ,1
QNLTFDA,1
WNLGFLD,1
ANLIFGS,1
GNLNFIY,1
WNLTFQS,1
ANLDFAY,1
ENLHFME,1
MNLAFPS,1
INLVFNG,1
CNLPFVV,1
ENLQFII,1
INLGFPV,1
LNLLFYN,1
WNLYFCS,1
ANLQFSG,1
PNLIFAC,1
CNLHFQM,1
LNLMFSN,1
SNLIFES,1
NNLHFAW,1
ANLNFTD,1
QNLFFDV,1
ENLTFTI,1
ANLYFHC,1
PNLDFVF,1
INLVFYY,1
MNLCFSE,1
VNLSFMN,1
FNLCFLW,1
CNLDFHM,1
INLMFCP,1
VNLPFED,1
WNLPFMV,1
WNLTFYQ,1
QNLAFDI,1
TNLDFFA,1
PNLFFCN,1
MNLDFTS,1
ENLPFMS,1
DNLDFST,1
CNLIFYL,1
DNLLFEA,1
MNLVFLC,1
MNLTFNI,1
NNLSFEA,1
NNLHFFL,1
YNLAFDE,1
FNLNFNL,1
ANLAFVW,1
CNLYFWA,1
DNLGFVQ,1
INLEFWF,1
VNLNFTY,1
PNLHFFM,1
YNLQFGH,1
NNLFFQC,1
SNLTFYC,1
SNLNFDH,1
DNLFFFT,1
LNLHFWC,1
VNLQFQW,1
ENLVFPW,1
SNLQFFP,1
GNLPFFY,1
YNLPFVG,1
YNLFFFS,1
CNLHFYE,1
CNLSFML,1
CNLTFVE,1
WNLHFVI,1
PNLYFTI,1
ENLMFVV,1
WNLTFFG,1
HNLWFDP,1
TNLNFCI,1
GNLSFQY,1
ENLVFSV,1
CNLMFET,1
DNLSFCA,1
NNLDFNW,1
GNLFFES,1
VNLQFGD,1
YNLNFDQ,1
GNLGFIL,1
INLDFCT,1
PNLCFCW,1
VNLPFCG,1
QNLCFVH,1
LNLHFFL,1
INLMFTG,1
ANLVFWC,1
YNLMFCY,1
CNLQFLT,1
YNLIFIW,1
CNLAFSG,1
SNLAFEM,1
QNLAFEM,1
ANLMFTG,1
SNLWFEN,1
GNLSFHH,1
YNLAFFW,1
GNLEFPH,1
FNLWFWG,1
VNLGFSS,1
GNLQFHD,1
YNLMFHF,1
WNLQFPE,1
GNLQFEG,1
DNLYFGH,1
YNLGFHA,1
TNLVFQE,1
NNLIFWL,1
YNLYFLS,1
HNLDFMD,1
YNLDFWM,1
HNLHFSM,1
DNLYFAH,1
VNLEFMV,1
ANLMFDA,1
HNLFFTC,1
MNLPFHY,1
ANLLFAW,1
QNLLFLI,1
HNLNFAY,1
DNLMFAG,1
SNLFFEV,1
MNLSFHY,1
MNLGFQH,1
HNLDFLF,1
GNLFFPP,1
NNLIFTC,1
PNLMFSQ,1
INLDFWY,1
HNLEFSS,1
WNLPFDQ,1
YNLPFIM,1
SNLNFED,1
MNLIFMN,1
QNLMFPA,1
LNLIFTC,1
TNLWFWS,1
TNLWFLL,1
GNLLFQE,1
MNLVFWL,1
DNLHFNW,1
TNLEFNI,1
CNLVFHH,1
FNLMFEC,1
GNLWFIP,1
FNLVFPT,1
QNLPFMY,1
SNLDFFN,1
INLFFQC,1
QNLTFQV,1
YNLYFPI,1
TNLIFHI,1
LNLHFAI,1
WNLHFTV,1
YNLQFSM,1
HNLDFCH,1
SNLCFTC,1
QNLYFSY,1
FNLPFIE,1
LNLGFGY,1
HNLWFYH,1
NNLFFHN,1
GNLPFMQ,1
WNLNFQD,1
PNLNFTI,1
GNLDFAM,1
PNLQFMF,1
GNLLFVH,1
INLTFWN,1
TNLWFYE,1
TNLIFGI,1
DNLTFWQ,1
PNLHFCF,1
ENLMFYN,1
NNLHFEA,1
TNLNFQI,1
SNLCFMF,1
ANLHFAF,1
GNLVFMW,1
HNLCFND,1
HNLNFYF,1
SNLHFMY,1
MNLHFHH,1
QNLCFNL,1
LNLWFMI,1
VNLHFWS,1
LNLWFWP,1
TNLVFYI,1
NNLNFYL,1
INLGFGP,1
SNLWFCS,1
VNLIFND,1
YNLVFFF,1
SNLAFHY,1
DNLPFQG,1
ENLSFDF,1
LNLEFFT,1
WNLPFFQ,1
GNLDFGP,1
ENLTFFH,1
QNLEFSQ,1
YNLYFTQ,1
FNLPFYH,1
WNLLFMP,1
CNLFFHE,1
YNLGFNM,1
DNLTFES,1
DNLYFSF,1
ANLYFSV,1
QNLVFVQ,1
SNLGFMW,1
QNLLFFH,1
ANLYFVS,1
MNLHFDI,1
DNLIFIY,1
MNLVFLD,1
GNLVFHW,1
INLIFTM,1
FNLIFHM,1
YNLEFTT,1
CNLSFDP,1
TNLMFCP,1
PNLIFHE,1
GNLWFHW,1
YNLDFQM,1
MNLAFQT,1
SNLEFCQ,1
INLTFAC,1
HNLNFPM,1
FNLVFPG,1
ENLPFWV,1
FNLPFIS,1
PNLFFWA,1
ENLVFIP,1
SNLWFLA,1
INLIFYI,1
HNLMFDQ,1
WNLTFYG,1
TNLAFMC,1
QNLSFYC,1
HNLLFCP,1
CNLYFLH,1
DNLLFIF,1
DNLTFMW,1
DNLEFEA,1
ENLMFPI,1
WNLPFSE,1
LNLYFDC,1
ENLSFMS,1
FNLWFAM,1
LNLVFYC,1
MNLGFLP,1
HNLWFAS,1
INLWFMS,1
GNLCFFL,1
YNLYFGE,1
TNLVFMP,1
NNLCFPM,1
ANLAFWD,1
ANLQFIF,1
PNLEFDS,1
NNLYFMQ,1
GNLAFQT,1
TNLDFFQ,1
DNLPFAC,1
LNLAFWA,1
WNLVFEH,1
QNLHFDA,1
DNLPFYE,1
YNLLFQC,1
WNLDFMD,1
ANLYFFP,1
ENLFFSP,1
DNLMFPC,1
CNLQFHF,1
PNLLFWF,1
DNLIFSN,1
LNLTFEM,1
DNLLFEW,1
NNLMFSQ,1
CNLEFLL,1
TNLGFGN,1
INLWFLN,1
LNLHFYF,1
INLPFWD,1
DNLFFWG,1
GNLIFNM,1
NNLMFSV,1
DNLVFTS,1
QNLHFSA,1
VNLCFWS,1
CNLTFVY,1
WNLDFLY,1
VNLEFAP,1
MNLEFDN,1
LNLLFHE,1
QNLMFMS,1
NNLMFWP,1
LNLIFGH,1
ENLVFSH,1
VNLDFID,1
HNLPFLY,1
WNLSFNT,1
DNLWFPY,1
WNLGFSN,1
DNLIFEE,1
GNLCFYS,1
SNLGFID,1
PNLEFNP,1
HNLYFWF,1
QNLEFSG,1
ENLMFGP,1
ENLLFDA,1
NNLQFCQ,1
LNLHFWM,1
QNLTFYQ,1
LNLGFNG,1
YNLEFQG,1
PNLEFFF,1
MNLNFTT,1
INLNFDI,1
VNLFFPT,1
NNLYFSQ,1
WNLPFIA,1
VNLIFWT,1
FNLAFEY,1
CNLWFWT,1
LNLEFDM,1
QNLCFGF,1
QNLCFAI,1
YNLQFPY,1
FNLWFIT,1
YNLNFPQ,1
SNLNFMD,1
HNLEFAQ,1
ANLSFGM,1
MNLCFSV,1
ENLQFTP,1
VNLSFQF,1
LNLSFWM,1
QNLMFWS,1
FNLSFTS,1
INLVFYI,1
PNLIFWV,1
PNLMFQS,1
SNLEFCE,1
YNLEFTC,1
HNLVFGC,1
DNLIFPA,1
DNLGFGD,1
DNLPFEV,1
VNLQFND,1
INLMFYS,1
LNLLFPY,1
YNLMFSI,1
YNLVFCQ,1
MNLMFDM,1
NNLMFYA,1
MNLSFYD,1
DNLIFNG,1
SNLMFWG,1
SNLEFEA,1
YNLAFVY,1
HNLPFYF,1
PNLNFHW,1
FNLWFSQ,1
NNLLFQF,1
QNLYFFL,1
YNLIFQI,1
DNLQFTI,1
YNLQFDC,1
CNLPFIV,1
VNLCFPV,1
DNLDFYV,1
QNLCFWH,1
MNLQFMA,1
YNLTFFN,1
NNLQFAM,1
WNLLFGF,1
YNLTFTM,1
DNLNFWG,1
ANLEFCD,1
GNLFFQD,1
NNLLFVQ,1
SNLSFED,1
MNLLFTI,1
PNLGFYN,1
QNLPFDA,1
TNLNFED,1
WNLPFQN,1
DNLMFQA,1
GNLEFYA,1
TNLDFNV,1
WNLHFQQ,1
GNLDFQI,1
ENLVFPC,1
VNLHFNQ,1
YNLAFDN,1
CNLAFYN,1
PNLFFTE,1
CNLQFDC,1
TNLHFWD,1
QNLVFSV,1
CNLAFQF,1
GNLFFLM,1
ENLMFQD,1
LNLMFEY,1
DNLTFLC,1
ANLVFYL,1
ANLQFMA,1
YNLHFCQ,1
DNLDFTI,1
LNLGFEG,1
VNLWFAA,1
GNLEFHA,1
QNLVFYC,1
PNLLFFE,1
HNLSFDS,1
LNLQFWI,1
DNLWFWS,1
VNLYFQA,1
VNLNFYC,1
DNLPFEF,1
TNLQFCY,1
MNLNFLG,1
VNLHFIM,1
YNLLFIW,1
MNLGFEQ,1
VNLGFFQ,1
VNLGFVM,1
WNLLFAW,1
ANLFFPW,1
MNLTFGW,1
FNLLFNA,1
NNLSFAY,1
NNLNFAL,1
DNLYFHY,1
QNLIFNN,1
WNLCFEI,1
YNLGFNV,1
PNLWFLV,1
PNLCFGA,1
GNLHFWF,1
CNLAFQQ,1
MNLTFWV,1
YNLVFSN,1
FNLEFSD,1
FNLIFAM,1
VNLCFDI,1
PNLWFIG,1
ENLLFVY,1
ENLGFGS,1
INLSFVF,1
MNLVFVG,1
ENLLFIE,1
QNLAFPE,1
YNLNFAE,1
LNLFFAW,1
GNLPFFH,1
DNLSFCD,1
YNLDFLN,1
ANLLFNS,1
ANLVFSN,1
FNLDFNG,1
ENLAFEV,1
HNLAFNH,1
WNLPFFD,1
PNLEFAV,1
YNLEFIS,1
YNLVFYD,1
MNLSFNL,1
TNLWFMQ,1
GNLEFSV,1
YNLHFNQ,1
WNLTFCY,1
HNLNFIY,1
SNLWFTQ,1
FNLEFMD,1
TNLHFWY,1
CNLQFSI,1
TNLIFMH,1
DNLNFVA,1
INLMFAC,1
NNLWFCT,1
QNLIFTF,1
GNLGFAQ,1
WNLSFCW,1
VNLTFDW,1
NNLIFME,1
QNLNFGS,1
YNLIFII,1
WNLSFPT,1
HNLIFQV,1
WNLMFQS,1
DNLEFGM,1
ANLMFSW,1
INLSFQG,1
FNLIFHQ,1
QNLTFGA,1
CNLIFQC,1
LNLFFNN,1
ENLWFGD,1
FNLIFDN,1
YNLWFLM,1
VNLMFGA,1
NNLFFIT,1
INLTFHY,1
HNLDFSW,1
CNLLFLF,1
LNLDFFT,1
LNLGFEE,1
CNLQFLI,1
FNLCFHD,1
NNLPFHE,1
LNLVFDS,1
GNLDFAE,1
NNLVFYH,1
TNLVFCE,1
TNLFFHW,1
NNLYFFP,1
INLPFVQ,1
TNLMFWI,1
YNLEFAL,1
GNLTFGS,1
GNLDFGV,1
MNLLFIM,1
GNLHFGL,1
HNLIFET,1
DNLLFCG,1
HNLAFVQ,1
MNLEFSH,1
VNLYFDM,1
GNLGFIT,1
MNLGFCH,1
HNLYFIY,1
FNLHFEL,1
ENLSFDS,1
WNLHFPH,1
ENLHFQV,1
YNLWFNT,1
CNLAFNQ,1
YNLEFMC,1
WNLIFIT,1
TNLVFEW,1
YNLVFWG,1
CNLAFDM,1
PNLSFQN,1
FNLAFDI,1
YNLMFLH,1
TNLYFMQ,1
DNLEFGT,1
VNLHFII,1
YNLCFNA,1
HNLYFHV,1
YNLHFIM,1
INLWFGQ,1
ANLAFYM,1
WNLCFDG,1
DNLCFMS,1
WNLQFAV,1
TNLEFHG,1
MNLHFID,1
VNLCFSC,1
SNLNFAY,1
VNLFFYS,1
YNLIFLC,1
GNLPFES,1
VNLSFEM,1
GNLNFEF,1
ENLQFHG,1
VNLPFFY,1
FNLWFQH,1
TNLQFDF,1
LNLGFIC,1
FNLPFML,1
QNLAFHF,1
INLSFDG,1
WNLFFFY,1
FNLNFVY,1
INLHFLY,1
QNLQFLT,1
INLCFPI,1
TNLEFHI,1
YNLQFMQ,1
GNLVFAS,1
NNLCFLQ,1
CNLIFLV,1
TNLEFMQ,1
ENLHFID,1
HNLEFHA,1
FNLVFPI,1
YNLCFAA,1
YNLHFPN,1
ANLMFDV,1
ANLPFMN,1
VNLYFLH,1
YNLLFDM,1
GNLQFMH,1
HNLVFMC,1
HNLAFWQ,1
NNLHFFQ,1
ENLYFCI,1
PNLMFQN,1
FNLSFNL,1
FNLSFVN,1
TNLHFEY,1
HNLYFWW,1
TNLEFTW,1
ANLDFWT,1
PNLNFPE,1
GNLPFHF,1
HNLTFEI,1
FNLWFTP,1
NNLQFDH,1
MNLDFNT,1
NNLHFMC,1
YNLVFGI,1
CNLGFGF,1
NNLWFGA,1
VNLYFDL,1
WNLEFVQ,1
QNLMFFA,1
VNLAFVW,1
ENLTFDH,1
QNLPFYT,1
NNLIFGI,1
GNLAFCY,1
TNLLFGD,1
ANLLFQW,1
ENLCFNS,1
GNLTFCW,1
DNLPFLF,1
WNLHFSE,1
DNLMFIA,1
QNLMFHT,1
CNLLFMI,1
MNLLFMM,1
WNLHFGP,1
YNLMFIV,1
FNLWFWA,1
WNLYFEV,1
LNLDFAN,1
INLDFDN,1
YNLAFYM,1
ANLYFNG,1
FNLQFQH,1
HNLMFYT,1
INLQFDG,1
MNLGFSA,1
SNLCFYW,1
ENLQFPH,1
FNLNFDH,1
QNLCFYA,1
HNLLFFQ,1
QNLQFGP,1
ENLQFSV,1
VNLDFLD,1
INLAFMV,1
PNLYFEY,1
PNLMFCH,1
PNLVFVW,1
QNLYFPW,1
YNLPFEQ,1
YNLLFWL,1
ENLCFLH,1
SNLAFGF,1
NNLVFQQ,1
SNLNFHF,1
INLDFTC,1
GNLEFYL,1
SNLEFMC,1
QNLCFPY,1
SNLSFYQ,1
WNLTFVL,1
QNLNFYS,1
INLSFSI,1
ANLMFFW,1
FNLYFYL,1
HNLTFFC,1
MNLEFQY,1
INLMFQL,1
NNLIFCG,1
DNLPFSF,1
LNLGFVW,1
PNLGFWQ,1
YNLNFNT,1
YNLEFSS,1
PNLHFWH,1
NNLYFQG,1
SNLMFAA,1
YNLEFNY,1
PNLEFCY,1
QNLWFVY,1
VNLLFDI,1
QNLMFDH,1
QNLLFWC,1
VNLFFTH,1
SNLVFWL,1
WNLVFPA,1
DNLQFLN,1
DNLLFWG,1
TNLMFHG,1
PNLTFFV,1
NNLVFHV,1
ENLQFVD,1
CNLGFIN,1
WNLPFQE,1
INLCFGT,1
GNLCFNY,1
GNLMFWA,1
VNLPFVN,1
HNLEFSE,1
ANLTFQY,1
WNLVFES,1
QNLLFHC,1
LNLEFEV,1
YNLYFTW,1
WNLPFHY,1
DNLIFGI,1
CNLTFWC,1
MNLVFTG,1
SNLYFNT,1
MNLMFVT,1
PNLEFET,1
HNLCFMS,1
NNLIFQV,1
FNLLFSL,1
YNLPFFG,1
YNLQFAL,1
TNLVFWS,1
TNLVFPM,1
WNLDFYT,1
YNLMFND,1
WNLAFAQ,1
SNLSFEE,1
GNLAFYF,1
GNLDFQD,1
ENLYFSD,1
MNLLFSE,1
FNLWFTT,1
HNLFFPA,1
DNLFFDE,1
INLGFSC,1
QNLWFET,1
PNLQFWL,1
TNLMFNW,1
MNLLFGM,1
LNLMFLE,1
PNLMFGV,1
CNLEFAY,1
TNLDFMC,1
WNLGFFT,1
HNLAFDH,1
VNLSFCD,1
TNLIFNF,1
WNLTFCN,1
ENLAFVG,1
VNLIFVG,1
MNLDFYF,1
HNLWFSS,1
VNLLFVT,1
MNLNFWF,1
ANLYFWS,1
TNLWFLV,1
ENLHFCD,1
YNLLFHF,1
WNLHFAC,1
QNLHFLD,1
HNLNFAI,1
TNLGFQW,1
VNLWFYF,1
ENLFFLA,1
SNLMFFY,1
QNLTFNN,1
TNLNFWC,1
YNLCFQI,1
YNLSFSF,1
FNLLFDV,1
NNLIFPE,1
CNLQFHS,1
ENLGFPN,1
ANLGFAY,1
GNLNFAF,1
TNLMFQE,1
CNLVFEN,1
TNLFFQA,1
DNLYFGP,1
VNLEFHS,1
NNLIFWH,1
ANLGFFI,1
SNLQFES,1
WNLFFLF,1
VNLEFIL,1
INLHFNW,1
CNLDFNH,1
YNLEFPH,1
WNLTFYH,1
INLSFIQ,1
SNLSFWG,1
ENLPFQS,1
NNLFFPF,1
GNLCFHT,1
WNLYFCQ,1
QNLIFNI,1
MNLMFNW,1
ENLAFNA,1
VNLEFPQ,1
NNLFFMT,1
WNLEFHE,1
GNLCFPV,1
YNLHFNV,1
DNLVFEY,1
SNLIFTW,1
ANLPFFI,1
NNLVFLM,1
VNLQFIL,1
INLQFYA,1
GNLNFAT,1
DNLEFLM,1
SNLVFVI,1
HNLIFAE,1
TNLGFMG,1
ANLFFWP,1
FNLWFAL,1
DNLYFVA,1
WNLEFFH,1
INLCFCQ,1
MNLAFMN,1
INLYFAS,1
ENLNFVC,1
ANLQFVW,1
VNLVFSE,1
INLSFIG,1
ANLGFQF,1
ENLQFIG,1
CNLQFEG,1
YNLWFVP,1
INLAFCW,1
QNLTFHA,1
PNLIFVH,1
ENLLFNP,1
PNLSFEF,1
MNLIFSV,1
MNLTFEH,1
ANLEFQT,1
YNLVFNE,1
ANLGFPC,1
ANLGFEM,1
VNLEFYP,1
MNLYFAN,1
QNLPFDV,1
YNLAFHV,1
VNLWFES,1
HNLQFEA,1
YNLHFTN,1
ANLQFSD,1
TNLDFGA,1
PNLVFWE,1
ANLPFEY,1
GNLFFDS,1
NNLVFSG,1
ENLIFDN,1
DNLAFGC,1
INLSFFG,1
TNLIFPM,1
MNLQFTE,1
FNLPFET,1
GNLHFSV,1
TNLYFCG,1
NNLDFII,1
SNLNFCQ,1
GNLMFLG,1
VNLWFLA,1
HNLDFDD,1
TNLMFAQ,1
LNLMFEG,1
GNLMFSC,1
DNLYFHG,1
MNLPFNG,1
ENLMFGT,1
CNLVFNG,1
SNLGFMQ,1
GNLMFQC,1
WNLSFNN,1
PNLFFTC,1
NNLTFFI,1
INLHFIC,1
ANLYFCE,1
TNLMFHQ,1
NNLYFNA,1
SNLQFGV,1
CNLMFAI,1
MNLPFIE,1
VNLYFMP,1
ANLEFID,1
NNLQFPM,1
PNLVFAN,1
QNLMFCH,1
ANLQFSN,1
NNLTFDW,1
QNLGFTY,1
QNLTFGN,1
VNLCFFV,1
NNLEFYL,1
DNLTFHE,1
YNLSFFE,1
VNLLFNV,1
SNLYFMY,1
QNLPFGV,1
ENLHFHN,1
ANLPFCQ,1
ENLDFSL,1
DNLNFQS,1
MNLQFTC,1
FNLPFMS,1
INLDFAS,1
NNLPFNH,1
YNLIFTY,1
SNLFFPE,1
TNLEFYY,1
SNLHFFY,1
ENLPFMY,1
WNLSFWD,1
ANLGFAW,1
DNLQFHI,1
INLNFPW,1
GNLEFPS,1
QNLWFWW,1
INLEFSM,1
QNLVFNI,1
DNLIFDG,1
CNLWFTI,1
LNLYFIV,1
GNLQFLN,1
PNLDFFW,1
INLWFEM,1
LNLWFSE,1
MNLVFIA,1
VNLVFGN,1
TNLIFVW,1
SNLDFDQ,1
DNLYFHI,1
INLAFYE,1
PNLMFYI,1
YNLVFLC,1
FNLVFVQ,1
ANLDFPW,1
MNLWFAA,1
INLLFTQ,1
QNLDFWC,1
ANLCFWD,1
LNLHFCH,1
PNLQFIW,1
QNLMFYT,1
QNLVFFT,1
QNLQFDH,1
CNLCFGT,1
ENLLFWH,1
GNLEFQG,1
WNLQFFP,1
ANLFFAV,1
YNLPFFN,1
ANLFFHN,1
YNLHFFH,1
YNLHFTC,1
PNLAFDL,1
YNLWFWA,1
TNLAFWD,1
INLGFHY,1
FNLFFAT,1
ENLVFIH,1
TNLDFYP,1
FNLLFEH,1
SNLFFHQ,1
VNLAFWH,1
VNLEFVF,1
ENLGFCT,1
DNLPFVW,1
GNLIFID,1
ENLGFGP,1
LNLCFAY,1
FNLAFQF,1
SNLTFDI,1
MNLHFCE,1
ENLGFVQ,1
LNLWFLN,1
VNLVFYW,1
ANLAFWF,1
DNLEFQN,1
ANLGFMI,1
MNLCFQD,1
GNLHFWH,1
ANLYFEA,1
HNLMFTN,1
QNLSFDV,1
TNLGFED,1
CNLTFHE,1
WNLHFNL,1
ENLVFDA,1
ENLPFEF,1
ANLGFHM,1
GNLMFCY,1
GNLIFTQ,1
TNLLFCC,1
NNLCFVV,1
YNLNFMI,1
CNLMFNA,1
VNLQFCL,1
HNLYFID,1
SNLIFLD,1
YNLPFYN,1
ENLAFED,1
HNLWFAP,1
CNLEFYS,1
DNLPFAE,1
NNLFFQL,1
TNLWFYP,1
QNLMFAA,1
LNLPFDD,1
TNLEFDV,1
FNLMFES,1
CNLLFQD,1
INLHFCT,1
FNLDFEL,1
NNLQFDE,1
YNLDFNN,1
WNLTFYM,1
YNLHFHN,1
ENLEFPT,1
VNLSFAS,1
MNLLFWV,1
YNLYFTE,1
DNLSFMM,1
MNLAFLE,1
GNLSFME,1
INLCFLT,1
SNLFFEY,1
ANLMFLD,1
YNLSFNM,1
GNLDFFV,1
NNLGFDH,1
SNLMFEI,1
QNLQFTD,1
TNLIFAF,1
VNLEFQF,1
CNLWFIF,1
ANLFFCV,1
NNLEFIV,1
SNLMFSQ,1
LNLFFLY,1
WNLPFWH,1
VNLNFNP,1
MNLPFQE,1
MNLTFCH,1
DNLYFYT,1
MNLFFES,1
SNLHFQI,1
PNLLFVC,1
SNLGFVY,1
VNLWFDQ,1
HNLVFVN,1
MNLGFMI,1
ENLVFHM,1
FNLVFWP,1
ENLPFAN,1
YNLPFMA,1
GNLIFHQ,1
VNLAFTY,1
SNLMFCG,1
ANLCFPW,1
NNLYFIY,1
QNLGFVG,1
ENLNFYT,1
INLTFQC,1
SNLNFWW,1
QNLCFDS,1
WNLTFMT,1
GNLVFVW,1
GNLTFFM,1
FNLIFAS,1
MNLLFDS,1
YNLHFPH,1
NNLIFTW,1
ENLEFYL,1
DNLEFWT,1
CNLLFLS,1
DNLWFTN,1
CNLMFTL,1
CNLMFWL,1
PNLQFTC,1
INLNFWN,1
CNLWFAP,1
ANLCFME,1
SNLCFMN,1
WNLSFEQ,1
ENLQFHY,1
LNLYFSV,1
CNLDFVL,1
TNLLFDI,1
DNLGFLE,1
LNLGFWF,1
WNLSFTI,1
LNLWFSG,1
WNLGFFY,1
TNLMFYQ,1
ANLTFWM,1
GNLQFWE,1
MNLWFPA,1
ANLAFFF,1
NNLPFYM,1
HNLLFNI,1
YNLCFNQ,1
CNLLFIL,1
LNLGFTF,1
WNLPFSC,1
INLEFAN,1
HNLAFIH,1
PNLDFQC,1
CNLVFND,1
LNLIFNI,1
YNLHFAE,1
NNLQFCL,1
FNLQFPA,1
FNLLFYH,1
ENLLFQG,1
SNLAFWI,1
FNLHFFQ,1
DNLHFEL,1
INLYFLW,1
ENLIFAV,1
VNLMFGC,1
DNLCFNL,1
TNLMFVM,1
DNLLFND,1
CNLEFTW,1
HNLFFLM,1
TNLCFEV,1
WNLSFWP,1
YNLEFID,1
HNLWFAL,1
ANLGFFW,1
WNLNFWE,1
SNLNFWF,1
SNLHFGW,1
WNLWFML,1
NNLNFGQ,1
SNLYFMV,1
ENLWFFP,1
CNLEFWT,1
NNLIFII,1
INLPFHI,1
MNLAFEG,1
MNLDFQQ,1
SNLLFFD,1
ANLIFVA,1
CNLAFLE,1
LNLMFSV,1
MNLTFFN,1
QNLVFVN,1
HNLAFGH,1
VNLGFPW,1
VNLHFCQ,1
CNLPFIW,1
CNLDFPD,1
DNLLFWE,1
QNLFFQS,1
ENLAFYS,1
ANLIFPM,1
LNLGFMC,1
QNLQFYM,1
HNLAFEI,1
YNLIFGM,1
ENLTFNC,1
CNLYFIE,1
INLTFWW,1
HNLFFLI,1
HNLIFAD,1
HNLMFIE,1
DNLIFWG,1
ANLAFGQ,1
VNLCFNA,1
HNLPFMG,1
YNLEFGH,1
DNLPFGE,1
SNLMFTF,1
GNLNFNP,1
TNLDFVN,1
QNLTFDW,1
QNLMFIA,1
LNLYFWP,1
CNLHFGV,1
INLLFYS,1
ANLAFYQ,1
PNLTFWG,1
WNLAFVH,1
CNLEFMM,1
GNLFFHA,1
YNLHFMM,1
MNLDFMH,1
INLQFMM,1
ENLCFHP,1
ANLHFVF,1
WNLPFWN,1
CNLPFMF,1
LNLDFDW,1
GNLCFEH,1
NNLCFPH,1
QNLMFWP,1
INLGFCT,1
NNLSFVY,1
NNLCFVN,1
CNLMFPS,1
SNLSFCW,1
WNLLFED,1
INLGFPC,1
DNLVFAA,1
TNLMFVN,1
ENLAFWI,1
FNLTFCT,1
NNLWFAN,1
WNLAFHI,1
ENLAFMT,1
ANLVFSW,1
HNLCFSN,1
QNLTFAW,1
SNLWFVL,1
LNLYFNW,1
QNLMFTG,1
LNLVFGQ,1
HNLTFFM,1
GNLFFIS,1
PNLGFTN,1
SNLMFVN,1
MNLYFNI,1
SNLCFTM,1
PNLCFMF,1
GNLWFNP,1
ENLWFTP,1
HNLQFMI,1
NNLNFES,1
VNLHFVN,1
YNLNFSA,1
CNLAFEP,1
QNLHFDP,1
SNLYFGS,1
LNLGFQF,1
LNLWFAG,1
ANLYFGF,1
HNLVFFY,1
QNLCFLC,1
NNLHFFY,1
TNLHFNM,1
YNLEFVY,1
NNLMFWM,1
VNLHFWD,1
ANLVFMT,1
SNLHFIY,1
YNLIFFT,1
TNLVFNW,1
SNLGFNV,1
PNLQFAN,1
VNLAFVY,1
DNLNFLH,1
ANLFFYP,1
QNLQFDL,1
DNLLFDH,1
INLQFET,1
GNLQFIH,1
CNLLFGV,1
LNLYFCT,1
PNLIFGC,1
ENLMFSV,1
GNLYFAN,1
INLYFNG,1
ENLTFTY,1
WNLWFAH,1
GNLGFTM,1
WNLGFMT,1
HNLEFGP,1
VNLFFQI,1
MNLSFEV,1
INLDFAN,1
MNLTFEA,1
INLYFGE,1
TNLNFGT,1
DNLPFGM,1
TNLGFMI,1
FNLMFFT,1
FNLHFMI,1
MNLLFSF,1
VNLWFPP,1
INLWFSS,1
SNLIFDE,1
ENLVFLP,1
TNLIFHE,1
SNLCFCV,1
YNLFFIH,1
DNLWFPD,1
ENLWFPQ,1
INLQFYM,1
VNLVFTM,1
ANLLFWY,1
LNLCFPV,1
YNLEFSD,1
TNLMFMT,1
LNLGFWL,1
NNLIFHD,1
HNLVFHW,1
LNLVFNM,1
QNLLFIW,1
ENLEFLF,1
HNLGFIT,1
HNLFFHG,1
CNLSFFY,1
LNLLFMY,1
HNLAFTM,1
HNLIFED,1
HNLMFYP,1
HNLGFTI,1
ENLDFAV,1
GNLIFMP,1
VNLNFIS,1
YNLDFTN,1
GNLMFPA,1
TNLWFVY,1
ANLHFWI,1
LNLQFSM,1
VNLAFYV,1
FNLTFPG,1
CNLGFEA,1
SNLCFYG,1
NNLLFWL,1
FNLDFHN,1
NNLSFEM,1
DNLTFCD,1
YNLNFHA,1
QNLVFFH,1
WNLNFPS,1
ENLCFYP,1
YNLQFII,1
FNLHFPH,1
DNLLFDC,1
CNLGFSI,1
FNLNFPL,1
ENLGFTW,1
MNLDFNG,1
DNLIFQP,1
WNLYFTI,1
QNLMFIS,1
TNLQFNV,1
TNLNFTC,1
MNLHFSW,1
HNLMFCP,1
YNLMFPQ,1
TNLTFCI,1
GNLLFLC,1
ENLGFTY,1
MNLYFSF,1
TNLTFMW,1
WNLTFGS,1
LNLMFTD,1
YNLIFHV,1
QNLDFAL,1
FNLPFAW,1
DNLNFEL,1
ANLGFQM,1
LNLTFDW,1
INLCFCN,1
FNLLFAN,1
ENLCFAS,1
VNLMFWH,1
WNLFFGS,1
LNLYFYY,1
VNLWFMA,1
ENLTFAN,1
HNLWFLH,1
HNLDFQQ,1
YNLSFDN,1
TNLIFEC,1
NNLVFEN,1
MNLSFQC,1
HNLYFQD,1
MNLHFSP,1
ANLTFFL,1
LNLGFYM,1
MNLQFAI,1
QNLNFNI,1
NNLCFVA,1
WNLVFSL,1
CNLQFPF,1
GNLMFPF,1
YNLVFSC,1
DNLQFVH,1
QNLNFVW,1
PNLQFGM,1
FNLFFAH,1
NNLIFAE,1
YNLIFNS,1
CNLYFWL,1
VNLQFHE,1
DNLGFPI,1
ANLWFDL,1
GNLEFYS,1
CNLGFNM,1
ANLYFTY,1
VNLQFFL,1
VNLMFAD,1
YNLFFHN,1
QNLSFMQ,1
QNLQFFL,1
INLIFYQ,1
QNLSFNV,1
SNLEFLQ,1
CNLPFYW,1
CNLQFAD,1
CNLMFVT,1
ANLSFWM,1
SNLEFSF,1
HNLSFDM,1
DNLQFLL,1
VNLWFIP,1
ENLSFFN,1
TNLYFYW,1
QNLAFED,1
NNLIFHW,1
FNLMFTS,1
SNLCFQT,1
QNLAFML,1
GNLEFQT,1
TNLDFYD,1
TNLWFWH,1
HNLIFYG,1
VNLNFYE,1
HNLFFPC,1
MNLVFHL,1
GNLMFWN,1
NNLMFQM,1
MNLYFVN,1
VNLYFID,1
QNLGFQF,1
ENLGFPY,1
DNLDFDA,1
QNLMFMV,1
VNLIFSN,1
TNLVFCV,1
ANLCFPQ,1
MNLFFSS,1
CNLLFIT,1
ANLMFYG,1
FNLHFQQ,1
NNLAFDW,1
YNLTFVI,1
LNLTFVG,1
DNLYFQP,1
ENLEFEM,1
INLVFSW,1
DNLLFMM,1
VNLQFWA,1
INLLFLH,1
ANLDFEV,1
SNLGFHM,1
YNLAFMF,1
WNLLFHV,1
CNLAFPV,1
YNLCFPH,1
HNLFFTE,1
GNLDFQT,1
CNLPFCG,1
CNLCFAA,1
YNLNFWN,1
WNLIFYE,1
VNLHFCD,1
ENLEFDM,1
GNLYFNP,1
QNLVFAH,1
QNLNFGI,1
DNLTFHF,1
GNLAFWW,1
TNLCFVN,1
QNLFFHH,1
INLAFIN,1
SNLYFIF,1
HNLEFLN,1
YNLEFSV,1
ANLCFVE,1
FNLWFPI,1
ENLYFCT,1
QNLCFHP,1
WNLEFHM,1
CNLDFQL,1
WNLSFNI,1
INLSFES,1
WNLPFVP,1
HNLTFTM,1
CNLAFMS,1
FNLQFPG,1
YNLQFQT,1
ANLCFVP,1
SNLYFHI,1
ENLLFWE,1
GNLVFVY,1
ANLQFWM,1
MNLQFQQ,1
MNLDFYA,1
DNLSFNF,1
DNLNFGP,1
YNLEFVM,1
LNLYFPD,1
PNLMFDE,1
VNLPFCM,1
YNLPFYM,1
INLLFWM,1
TNLMFTG,1
NNLWFEM,1
MNLLFTQ,1
PNLVFFT,1
LNLQFHG,1
ANLNFYH,1
DNLQFWI,1
MNLVFSM,1
ENLNFDC,1
GNLQFLA,1
VNLWFQT,1
GNLNFAW,1
WNLNFAW,1
WNLAFDH,1
MNLAFPY,1
WNLLFDI,1
ANLQFCM,1
WNLQFYH,1
HNLNFFS,1
YNLNFHC,1
LNLQFVG,1
HNLNFMM,1
ENLVFCT,1
QNLSFFA,1
TNLNFGD,1
ENLPFYG,1
HNLGFTA,1
TNLDFMH,1
DNLMFEI,1
QNLHFVI,1
TNLNFWN,1
QNLAFVV,1
HNLHFNS,1
ANLHFVG,1
LNLGFMI,1
TNLEFEV,1
YNLGFWV,1
SNLMFWP,1
NNLHFFP,1
WNLMFNL,1
VNLYFNV,1
GNLHFNE,1
LNLWFDY,1
GNLGFQS,1
MNLIFDA,1
PNLEFHS,1
YNLVFTI,1
DNLSFTY,1
FNLHFHD,1
QNLTFAA,1
ENLYFLA,1
WNLSFET,1
INLPFWI,1
DNLNFCT,1
PNLWFHF,1
YNLIFIP,1
TNLIFCV,1
VNLTFYY,1
DNLGFFF,1
YNLGFFA,1
NNLEFWS,1
MNLYFDC,1
LNLHFGE,1
WNLGFAY,1
CNLHFWM,1
NNLWFDE,1
CNLTFDI,1
YNLVFIL,1
VNLYFMI,1
PNLEFGH,1
QNLLFED,1
SNLQFMA,1
DNLDFSM,1
NNLFFEN,1
MNLFFVN,1
TNLWFNC,1
FNLAFTF,1
QNLAFFA,1
FNLHFMC,1
VNLMFTD,1
VNLLFMN,1
MNLAFCL,1
CNLEFVM,1
YNLDFNY,1
YNLEFAV,1
QNLHFAV,1
ENLIFGT,1
LNLAFWS,1
MNLAFFI,1
DNLAFSC,1
GNLVFWI,1
MNLQFCI,1
INLEFIS,1
MNLHFQF,1
INLLFID,1
VNLVFES,1
GNLYFTY,1
MNLPFFV,1
PNLEFND,1
LNLFFCT,1
QNLPFIN,1
SNLNFFF,1
NNLLFWT,1
SNLWFSN,1
NNLLFCF,1
YNLNFSY,1
LNLIFWN,1
YNLTFCS,1
DNLQFTY,1
LNLYFSH,1
NNLLFYA,1
YNLPFIH,1
YNLAFDH,1
HNLDFWI,1
NNLTFIW,1
YNLPFFY,1
INLNFWQ,1
DNLSFTQ,1
SNLYFWS,1
CNLSFGT,1
FNLAFYP,1
PNLIFHH,1
SNLYFMW,1
LNLEFYT,1
GNLQFGV,1
WNLTFHL,1
CNLAFFW,1
ENLLFMM,1
MNLAFNY,1
DNLMFDQ,1
INLWFAA,1
CNLLFAW,1
TNLFFIP,1
PNLEFVA,1
QNLTFIA,1
MNLGFDF,1
GNLDFNG,1
HNLYFPI,1
PNLVFIG,1
MNLVFTD,1
QNLLFYF,1
ENLEFSG,1
SNLLFMH,1
ANLWFAV,1
FNLSFIT,1
TNLWFPT,1
QNLCFML,1
WNLPFMY,1
HNLYFVP,1
DNLAFHM,1
NNLEFYV,1
CNLLFQC,1
SNLWFSL,1
CNLYFCQ,1
DNLAFYA,1
INLMFHV,1
YNLYFIP,1
YNLEFHL,1
LNLDFPM,1
MNLNFSC,1
INLNFTC,1
QNLPFYI,1
GNLAFHW,1
TNLDFEC,1
ANLWFIM,1
PNLAFIE,1
TNLHFDF,1
SNLDFDP,1
WNLVFCT,1
WNLWFVL,1
DNLVFVW,1
GNLEFHY,1
NNLHFIY,1
CNLEFST,1
INLIFPM,1
NNLYFSF,1
HNLYFWQ,1
HNLFFCA,1
FNLPFGW,1
DNLVFSF,1
INLIFYH,1
DNLVFQY,1
MNLNFTD,1
LNLAFIG,1
CNLSFIH,1
QNLPFMM,1
DNLYFFT,1
YNLPFIN,1
ENLGFVS,1
MNLWFLW,1
QNLFFHW,1
ENLNFLC,1
GNLTFDT,1
YNLHFDN,1
DNLMFDE,1
YNLNFAN,1
MNLGFLH,1
INLYFIP,1
ENLLFWV,1
DNLSFDC,1
GNLNFGG,1
LNLCFCA,1
LNLQFGM,1
HNLAFYD,1
VNLWFEL,1
DNLHFQT,1
QNLQFIW,1
TNLYFMG,1
GNLVFHM,1
HNLHFWS,1
PNLYFAQ,1
ENLDFVI,1
INLLFCL,1
ENLYFYC,1
LNLMFTE,1
YNLDFSD,1
GNLEFSN,1
FNLAFYD,1
GNLGFET,1
VNLAFQT,1
CNLMFDL,1
CNLDFDY,1
PNLQFVC,1
SNLEFYL,1
QNLEFHT,1
WNLVFWG,1
FNLQFLA,1
ANLWFHI,1
ANLDFLF,1
INLEFHS,1
ANLEFIM,1
INLYFTN,1
VNLEFNS,1
VNLHFVD,1
INLYFAL,1
HNLIFHY,1
SNLLFWC,1
WNLNFCG,1
WNLYFNY,1
ENLLFEM,1
WNLNFAH,1
SNLLFEM,1
ANLIFLE,1
YNLPFYW,1
LNLDFMF,1
INLMFLV,1
ANLIFGQ,1
YNLTFSC,1
SNLYFWH,1
DNLWFNP,1
DNLFFNE,1
DNLMFGV,1
ANLYFYC,1
INLDFHD,1
HNLEFCM,1
NNLYFVI,1
SNLMFFN,1
YNLHFDT,1
QNLIFGP,1
WNLPFYG,1
QNLMFGH,1
INLHFWD,1
VNLEFHV,1
QNLFFLH,1
NNLGFWA,1
TNLDFEE,1
ANLEFLD,1
ANLYFEP,1
GNLMFWP,1
VNLAFGI,1
NNLWFEQ,1
WNLHFII,1
DNLEFMH,1
MNLSFWA,1
FNLQFWL,1
YNLEFQT,1
HNLVFCC,1
HNLMFHQ,1
ENLQFTC,1
ANLMFLI,1
HNLLFLW,1
HNLSFWC,1
DNLNFSF,1
GNLCFHH,1
MNLTFVQ,1
MNLSFQS,1
VNLNFAG,1
WNLQFMT,1
SNLLFMC,1
GNLCFCL,1
GNLIFMV,1
QNLWFAW,1
VNLHFPD,1
PNLFFWG,1
SNLYFYA,1
CNLMFSI,1
CNLTFNW,1
ENLLFSY,1
YNLAFVV,1
CNLAFFH,1
YNLYFAW,1
ANLYFWH,1
CNLFFAP,1
INLFFHY,1
HNLFFEC,1
MNLYFDN,1
TNLMFPY,1
MNLTFHG,1
CNLHFQI,1
MNLYFYT,1
INLSFMP,1
LNLVFEH,1
ENLEFPC,1
GNLCFCN,1
HNLIFNV,1
YNLSFDF,1
HNLCFCE,1
HNLYFFN,1
TNLVFQF,1
CNLVFYC,1
ENLYFWG,1
ANLYFYV,1
YNLYFHP,1
HNLSFQH,1
TNLQFNY,1
MNLLFGN,1
ANLEFPV,1
VNLNFAV,1
QNLQFNW,1
FNLVFCD,1
YNLQFCV,1
SNLDFHM,1
GNLLFMW,1
SNLFFHC,1
GNLLFCI,1
INLMFYI,1
GNLSFIE,1
LNLDFWD,1
YNLHFNE,1
MNLYFNM,1
SNLAFFH,1
CNLWFGA,1
YNLYFWH,1
SNLDFFE,1
DNLHFSM,1
FNLFFIM,1
MNLIFFA,1
VNLMFWS,1
ENLPFDY,1
MNLPFCT,1
GNLTFFW,1
DNLHFAV,1
INLNFPC,1
PNLYFYN,1
WNLAFAE,1
CNLMFHH,1
MNLAFCT,1
CNLPFEQ,1
VNLLFFI,1
TNLEFHN,1
PNLFFYM,1
WNLPFFV,1
TNLSFDD,1
ANLVFHM,1
VNLTFNG,1
QNLVFWH,1
ANLIFNN,1
GNLLFDA,1
YNLLFCT,1
PNLMFIT,1
PNLMFFQ,1
SNLNFFN,1
MNLPFAH,1
LNLMFLI,1
ANLIFVN,1
CNLMFGT,1
YNLTFQW,1
NNLCFSQ,1
TNLYFIF,1
DNLWFHT,1
GNLIFYY,1
DNLIFYE,1
HNLGFGN,1
MNLEFVC,1
QNLNFGF,1
INLGFGS,1
ANLGFWF,1
VNLVFCY,1
VNLGFTM,1
WNLTFFN,1
ANLDFAN,1
MNLFFDE,1
ANLYFIG,1
HNLVFTF,1
PNLVFEQ,1
NNLGFYP,1
SNLGFCA,1
DNLVFQC,1
DNLWFST,1
HNLPFMY,1
GNLYFAC,1
DNLMFSP,1
TNLAFCY,1
PNLFFLM,1
YNLVFFP,1
SNLWFDL,1
CNLYFDM,1
YNLTFIH,1
ENLDFSM,1
DNLIFHV,1
MNLMFTD,1
NNLGFVN,1
VNLMFWQ,1
GNLWFQI,1
ENLPFDG,1
SNLFFDM,1
WNLYFFN,1
ANLMFYC,1
DNLNFFS,1
YNLPFHF,1
YNLIFVC,1
GNLYFNT,1
TNLHFHW,1
ENLPFNF,1
VNLQFMN,1
QNLYFGS,1
CNLNFNI,1
DNLWFID,1
ENLMFPG,1
SNLWFSS,1
INLFFMN,1
HNLMFVQ,1
VNLVFST,1
NNLQFQS,1
TNLNFWH,1
WNLMFIV,1
GNLSFWW,1
YNLDFPW,1
HNLQFAI,1
HNLFFAE,1
INLSFYI,1
NNLPFEQ,1
INLYFDQ,1
ANLFFCT,1
ENLFFTD,1
CNLSFEM,1
NNLMFFL,1
VNLYFDG,1
LNLCFQM,1
DNLDFDH,1
PNLFFAN,1
MNLHFLF,1
WNLVFTG,1
HNLNFEW,1
YNLNFLD,1
ENLWFST,1
WNLQFFQ,1
QNLHFNG,1
INLVFMD,1
INLIFIP,1
INLWFIT,1
HNLNFYY,1
NNLWFMA,1
GNLDFET,1
LNLTFGE,1
MNLQFLN,1
INLYFDL,1
FNLMFEY,1
INLAFYM,1
VNLFFEF,1
QNLPFGY,1
QNLLFVW,1
HNLFFYV,1
MNLVFQS,1
DNLIFYL,1
CNLEFVT,1
SNLLFWQ,1
VNLMFVG,1
WNLPFHM,1
QNLEFML,1
MNLDFPS,1
NNLLFVW,1
LNLGFMP,1
TNLMFAE,1
INLIFMD,1
CNLNFQP,1
QNLIFQH,1
QNLVFDV,1
PNLQFDM,1
WNLLFDG,1
VNLPFYI,1
DNLAFES,1
DNLDFLL,1
YNLCFHN,1
INLIFLI,1
WNLIFDM,1
TNLWFSW,1
NNLEFQL,1
ANLGFVW,1
GNLMFFP,1
ENLQFHH,1
NNLIFFH,1
LNLGFIL,1
HNLMFPC,1
VNLPFDY,1
QNLNFIQ,1
HNLAFAY,1
MNLYFAH,1
GNLSFCG,1
VNLGFES,1
ENLEFYP,1
ENLLFMA,1
YNLGFYS,1
ENLDFMA,1
CNLTFYC,1
CNLPFWC,1
SNLFFVC,1
HNLYFVA,1
ENLLFWC,1
GNLPFNI,1
GNLGFFQ,1
VNLEFQP,1
YNLIFND,1
YNLEFEI,1
NNLQFGD,1
LNLYFLC,1
GNLSFCH,1
YNLTFMA,1
